Time,value
10:21,1
10:21,1
10:21,1
10:21,1
10:21,1
10:21,1
10:21,1
10:21,1
10:21,0
10:21,0
10:21,0
10:21,0
10:21,0
10:21,1
10:21,1
10:21,1
10:22,1
10:22,1
10:22,1
10:22,1
10:22,1
10:22,1
10:22,1
10:22,1
10:22,1
10:22,1
10:22,0
10:22,0
10:22,1
10:22,1
10:22,1
10:22,1
10:22,1
10:22,1
10:22,1
10:22,1
10:22,0
10:22,0
10:22,0
10:22,1
10:22,1
10:22,1
10:22,1
10:22,1
10:22,1
10:22,1
10:22,1
10:22,1
10:22,1
10:22,0
10:22,0
10:22,0
10:22,0
10:22,0
10:22,0
10:22,1
10:22,1
10:22,1
10:22,1
10:23,1
10:23,1
10:23,1
10:23,1
10:23,1
10:23,1
10:23,1
10:23,1
10:23,1
10:23,0
10:23,0
10:23,0
10:23,0
10:23,0
10:23,0
10:23,1
10:23,1
10:23,1
10:23,1
10:23,1
10:23,1
10:23,1
10:23,1
10:23,1
10:23,1
10:23,1
10:23,0
10:23,0
10:23,0
10:23,0
10:23,0
10:23,0
10:23,0
10:23,0
10:23,0
10:23,0
10:23,0
10:23,0
10:23,1
10:23,1
10:23,1
10:23,1
10:23,1
10:23,1
10:23,1
10:23,1
10:23,1
10:23,1
10:23,1
10:23,1
10:23,1
10:24,0
10:24,0
10:24,0
10:24,0
10:24,0
10:24,0
10:24,0
10:24,0
10:24,0
10:24,0
10:24,0
10:24,0
10:24,0
10:24,0
10:24,0
10:24,0
10:24,0
10:24,0
10:24,0
10:24,0
10:24,0
10:24,0
10:24,0
10:24,0
10:24,0
10:24,0
10:24,1
10:24,1
10:24,1
10:24,1
10:24,1
10:24,1
10:24,1
10:24,1
10:24,1
10:24,1
10:24,1
10:24,1
10:24,1
10:24,0
10:24,0
10:24,0
10:24,0
10:24,0
10:24,0
10:24,0
10:24,1
10:24,1
10:24,1
10:24,1
10:24,1
10:24,1
10:24,1
10:24,1
10:24,1
10:24,1
10:25,1
10:25,1
10:25,1
10:25,1
10:25,0
10:25,0
10:25,0
10:25,0
10:25,1
10:25,1
10:31,0
10:32,0
10:32,0
10:32,0
10:32,0
10:32,0
10:32,0
10:32,0
10:32,0
10:32,0
10:32,0
10:32,0
10:32,0
10:32,0
10:32,0
10:32,0
10:32,0
10:32,0
10:32,0
10:32,0
10:32,0
10:32,0
10:32,0
10:32,0
10:32,0
10:32,0
10:32,0
10:32,0
10:32,0
10:32,0
10:32,0
10:32,0
10:32,0
10:32,0
10:32,0
10:32,0
10:32,0
10:32,0
10:32,0
10:32,0
10:32,0
10:32,0
10:32,0
10:32,0
10:32,0
10:32,0
10:32,0
10:32,0
10:32,0
10:32,0
10:32,0
10:32,0
10:32,0
10:32,0
10:32,0
10:32,0
10:32,0
10:33,0
10:33,0
10:33,0
10:33,0
10:33,0
10:33,0
10:33,0
10:33,0
10:33,0
10:33,0
10:33,0
10:33,0
10:33,0
10:33,0
10:33,0
10:33,0
10:33,0
10:33,0
10:33,0
10:33,0
10:33,0
10:33,0
10:33,0
10:33,0
10:33,0
10:33,0
10:33,0
10:33,0
10:33,0
10:33,0
10:33,0
10:33,0
10:33,0
10:33,0
10:33,0
10:33,0
10:33,0
10:33,0
10:33,0
10:33,0
10:33,0
10:33,0
10:33,0
10:33,0
10:33,0
10:33,0
10:33,0
10:33,0
10:33,0
10:33,0
10:33,0
10:33,0
10:33,0
10:33,0
10:33,0
10:33,0
10:34,0
10:34,0
10:34,0
10:34,0
10:34,0
10:34,0
10:34,0
10:34,0
10:34,0
10:34,0
10:34,0
10:34,0
10:34,0
10:34,0
10:34,0
10:34,0
10:34,1
10:34,1
10:34,1
10:34,1
10:34,1
10:34,1
10:34,1
10:34,1
10:34,1
10:34,1
10:34,1
10:34,1
10:34,1
10:34,0
10:34,0
10:34,0
10:34,0
10:34,0
10:34,0
10:34,0
10:34,0
10:34,0
10:34,0
10:34,0
10:34,0
10:34,0
10:34,0
10:34,0
10:34,0
10:34,0
10:34,0
10:34,0
10:34,0
10:34,0
10:34,0
10:34,0
10:34,0
10:34,0
10:34,0
10:34,0
10:35,0
10:35,0
10:35,0
10:35,0
10:35,0
10:35,0
10:35,0
10:35,0
10:35,0
10:35,0
10:35,0
10:35,0
10:35,0
10:35,0
10:35,0
10:35,0
10:35,0
10:35,0
10:35,0
10:35,0
10:35,0
10:35,0
10:35,0
10:35,0
10:35,0
10:35,1
10:35,1
10:35,1
10:35,1
10:35,1
10:35,1
10:35,1
10:35,1
10:35,1
10:35,1
10:35,1
10:35,1
10:35,1
10:35,1
10:35,0
10:35,0
10:35,0
10:35,0
10:35,0
10:35,0
10:35,0
10:35,1
10:35,1
10:35,1
10:35,1
10:35,1
10:35,1
10:35,1
10:36,1
10:36,1
10:36,1
10:36,1
10:36,0
10:36,0
10:36,0
10:36,0
10:36,0
10:36,0
10:36,0
10:36,0
10:36,0
10:36,0
10:36,0
10:36,0
10:36,0
10:36,0
10:36,0
10:36,0
10:36,0
10:36,0
10:36,0
10:36,0
10:36,0
10:37,0
10:37,0
10:37,0
10:37,1
10:37,1
10:37,1
10:37,1
10:37,1
10:37,1
10:37,1
10:37,1
10:37,1
10:37,1
10:37,1
10:37,1
10:37,1
10:37,1
10:37,0
10:37,0
10:37,0
10:37,0
10:37,0
10:37,0
10:37,0
10:37,0
10:37,0
10:37,0
10:37,0
10:37,0
10:37,0
10:37,1
10:37,1
10:37,1
10:37,1
10:37,1
10:37,1
10:37,1
10:37,1
10:37,0
10:37,0
10:37,0
10:37,0
10:37,1
10:38,1
10:38,1
10:38,1
10:38,1
10:38,1
10:38,1
10:38,1
10:38,1
10:38,1
10:38,0
10:38,0
10:38,0
10:38,0
10:38,0
10:38,0
10:38,1
10:38,1
10:38,1
10:38,1
10:38,1
10:38,1
10:38,1
10:38,1
10:38,1
10:38,1
10:38,0
10:38,0
10:38,0
10:38,0
10:38,1
10:38,1
10:38,1
10:38,1
10:38,1
10:38,1
10:38,1
10:38,1
10:38,1
10:38,0
10:39,0
10:39,0
10:39,0
10:39,0
10:39,1
10:39,1
10:39,1
10:39,1
10:39,1
10:39,1
10:39,1
10:39,1
10:39,1
10:39,1
10:39,1
10:39,1
10:39,1
10:39,0
10:39,0
10:39,0
10:39,0
10:39,0
10:39,0
10:39,0
10:39,0
10:39,0
10:39,0
10:39,0
10:39,0
10:39,0
10:39,0
10:39,0
10:39,0
10:39,0
10:39,0
10:39,0
10:39,0
10:39,0
10:39,0
10:39,0
10:39,0
10:39,0
10:39,0
10:39,0
10:39,0
10:39,0
10:39,0
10:39,0
10:39,0
10:39,0
10:39,0
10:39,0
10:40,0
10:40,0
10:40,0
10:40,0
10:40,0
10:40,0
10:40,0
10:40,0
10:40,0
10:40,0
10:40,0
10:40,0
10:40,0
10:40,0
10:40,0
10:40,0
10:40,0
10:40,0
10:40,0
10:40,0
10:40,0
10:40,0
10:40,0
10:40,0
10:40,0
10:40,0
10:40,0
10:40,0
10:40,0
10:40,0
10:40,0
10:40,0
10:40,0
10:40,0
10:40,0
10:40,0
10:40,0
10:40,0
10:40,0
10:40,0
10:40,0
10:40,0
10:40,0
10:40,0
10:40,0
10:40,0
10:40,0
10:40,0
10:40,0
10:40,0
10:40,0
10:40,0
10:40,0
10:40,0
10:40,0
10:40,0
10:41,0
10:41,0
10:41,0
10:41,0
10:41,0
10:41,0
10:41,0
10:41,0
10:41,0
10:41,0
10:41,0
10:41,0
10:41,0
10:41,0
10:41,0
10:41,0
10:41,0
10:41,0
10:41,0
10:41,0
10:41,0
10:41,0
10:41,0
10:41,0
10:41,0
10:41,0
10:41,0
10:41,0
10:41,0
10:41,0
10:41,0
10:41,0
10:41,0
10:41,0
10:41,0
10:41,0
10:41,0
10:41,0
10:41,0
10:41,0
10:41,0
10:41,0
10:41,0
10:41,0
10:41,0
10:41,0
10:41,0
10:41,0
10:42,0
10:42,0
10:42,0
10:42,0
10:42,0
10:42,0
10:42,0
10:42,0
10:42,0
10:42,0
10:42,0
10:42,0
10:42,0
10:42,0
10:42,0
10:42,0
10:42,0
10:42,0
10:42,0
10:42,0
10:42,0
10:42,0
10:42,0
10:42,0
10:42,0
10:42,0
10:42,0
10:42,0
10:42,0
10:42,0
10:42,0
10:42,0
10:42,0
10:42,0
10:42,0
10:42,0
10:42,0
10:42,0
10:42,0
10:42,0
10:42,0
10:42,0
10:42,0
10:42,0
10:42,0
10:42,0
10:42,0
10:42,0
10:42,0
10:42,0
10:42,0
10:42,0
10:42,0
10:42,0
10:42,0
10:42,0
10:43,0
10:43,0
10:43,0
10:43,0
10:43,0
10:43,0
10:43,0
10:43,0
10:43,0
10:43,0
10:43,0
10:43,0
10:43,0
10:43,0
10:43,0
10:43,0
10:43,0
10:43,0
10:43,0
10:43,0
10:43,0
10:43,0
10:43,0
10:43,0
10:43,0
10:43,0
10:43,0
10:43,0
10:43,0
10:43,0
10:43,0
10:43,0
10:43,0
10:43,0
10:43,0
10:43,0
10:43,0
10:43,0
10:43,0
10:43,0
10:43,0
10:43,0
10:43,0
10:43,0
10:43,0
10:43,0
10:43,0
10:43,0
10:43,0
10:43,0
10:43,0
10:43,0
10:43,0
10:43,0
10:43,0
10:43,0
10:44,0
10:44,0
10:44,0
10:44,0
10:44,0
10:44,1
10:44,1
10:44,1
10:44,1
10:44,1
10:44,1
10:44,1
10:44,1
10:44,1
10:44,1
10:44,1
10:44,1
10:44,1
10:44,0
10:44,0
10:44,0
10:44,0
10:44,0
10:44,0
10:44,0
10:44,0
10:44,0
10:44,0
10:44,0
10:44,0
10:44,0
10:44,0
10:44,0
10:44,0
10:44,1
10:44,1
10:44,1
10:44,1
10:44,1
10:44,1
10:44,1
10:44,1
10:44,1
10:44,1
10:44,1
10:44,1
10:44,1
10:44,0
10:44,0
10:44,0
10:44,0
10:44,0
10:44,0
10:44,0
10:45,0
10:45,0
10:45,0
10:45,0
10:45,0
10:45,0
10:45,0
10:45,0
10:45,0
10:45,0
10:45,0
10:45,0
10:45,0
10:45,0
10:45,0
10:45,0
10:45,0
10:45,0
10:45,0
10:45,0
10:45,0
10:45,0
10:45,0
10:45,0
10:45,0
10:45,0
10:45,0
10:45,0
10:45,0
10:45,0
10:45,0
10:45,0
10:45,0
10:45,0
10:45,0
10:45,0
10:45,0
10:45,0
10:45,0
10:45,0
10:45,0
10:45,0
10:45,0
10:45,0
10:45,0
10:45,0
10:45,0
10:45,0
10:45,0
10:45,0
10:45,0
10:45,0
10:45,0
10:45,0
10:45,0
10:45,0
10:46,0
10:46,0
10:46,0
10:46,0
10:46,0
10:46,0
10:46,0
10:46,0
10:46,0
10:46,0
10:46,0
10:46,0
10:46,0
10:46,0
10:46,0
10:46,0
10:46,0
10:46,0
10:46,0
10:46,0
10:46,0
10:46,0
10:46,1
10:46,1
10:46,1
10:46,1
10:46,1
10:46,1
10:46,1
10:46,1
10:46,1
10:46,1
10:46,1
10:46,1
10:46,1
10:46,1
10:46,0
10:46,0
10:46,0
10:46,0
10:46,0
10:46,1
10:46,1
10:46,1
10:46,1
10:46,1
10:46,1
10:46,1
10:46,1
10:46,1
10:46,1
10:46,1
10:46,1
10:46,1
10:46,1
10:46,0
10:47,0
10:47,0
10:47,0
10:47,0
10:47,0
10:47,0
10:47,0
10:47,0
10:47,0
10:47,0
10:47,0
10:47,0
10:47,0
10:47,0
10:47,0
10:47,0
10:47,0
10:47,0
10:47,0
10:47,0
10:47,0
10:47,0
10:47,0
10:47,0
10:47,0
10:47,0
10:47,1
10:47,1
10:47,1
10:47,1
10:47,1
10:47,1
10:47,1
10:47,1
10:47,1
10:47,1
10:47,1
10:47,1
10:47,1
10:47,1
10:47,0
10:47,0
10:47,0
10:47,0
10:47,0
10:47,0
10:47,0
10:47,0
10:47,0
10:47,0
10:47,0
10:47,0
10:47,0
10:47,0
10:47,0
10:47,0
10:47,0
10:48,0
10:48,0
10:48,0
10:48,0
10:48,0
10:48,0
10:48,0
10:48,0
10:48,0
10:48,0
10:48,0
10:48,0
10:48,0
10:48,0
10:48,0
10:48,0
10:48,0
10:48,0
10:48,0
10:48,0
10:48,0
10:48,0
10:48,0
10:48,0
10:48,0
10:48,0
10:48,0
10:48,0
10:48,0
10:48,0
10:48,0
10:48,0
10:48,0
10:48,0
10:48,0
10:48,0
10:48,0
10:48,0
10:48,0
10:48,0
10:48,0
10:48,0
10:48,0
10:48,0
10:48,0
10:48,0
10:48,0
10:48,0
10:48,0
10:48,0
10:48,0
10:48,0
10:48,0
10:48,0
10:48,0
10:48,0
10:48,0
10:49,0
10:49,0
10:49,0
10:49,0
10:49,0
10:49,0
10:49,0
10:49,0
10:49,0
10:49,0
10:49,0
10:49,1
10:49,1
10:49,1
10:49,1
10:49,1
10:49,1
10:49,1
10:49,1
10:49,1
10:49,1
10:49,1
10:49,1
10:49,1
10:49,1
10:49,0
10:49,0
10:49,0
10:49,0
10:49,0
10:49,0
10:49,0
10:49,0
10:49,0
10:49,0
10:49,0
10:49,0
10:49,0
10:49,0
10:49,0
10:49,0
10:49,0
10:49,0
10:49,0
10:49,0
10:49,0
10:49,0
10:49,0
10:49,0
10:49,0
10:49,0
10:49,0
10:49,0
10:49,0
10:49,0
10:50,0
10:50,0
10:50,0
10:50,0
10:50,0
10:50,0
10:50,0
10:50,1
10:50,1
10:50,1
10:50,1
10:50,1
10:50,1
10:50,1
10:50,1
10:50,1
10:50,1
10:50,1
10:50,1
10:50,1
10:50,1
10:50,0
10:50,0
10:50,0
10:50,0
10:50,0
10:50,0
10:50,0
10:50,0
10:50,0
10:50,0
10:50,0
10:50,0
10:50,0
10:50,0
10:50,0
10:50,0
10:50,0
10:50,0
10:50,0
10:50,0
10:50,0
10:50,0
10:50,0
10:50,0
10:50,0
10:50,0
10:50,0
10:50,0
10:50,0
10:50,0
10:50,0
10:50,0
10:50,0
10:50,0
10:50,0
10:51,0
10:51,0
10:51,0
10:51,0
10:51,0
10:51,0
10:51,0
10:51,0
10:51,0
10:51,0
10:51,0
10:51,0
10:51,0
10:51,0
10:51,0
10:51,0
10:51,0
10:51,0
10:51,0
10:51,0
10:51,0
10:51,0
10:51,0
10:51,0
10:51,0
10:51,0
10:51,0
10:51,0
10:51,0
10:51,0
10:51,0
10:51,0
10:51,0
10:51,0
10:51,0
10:51,0
10:51,0
10:51,0
10:51,0
10:51,0
10:51,0
10:51,0
10:51,0
10:51,0
10:52,0
10:52,0
10:52,0
10:52,0
10:52,0
10:52,0
10:52,0
10:52,0
10:52,0
10:52,0
10:52,0
10:52,0
10:52,0
10:52,0
10:52,0
10:52,0
10:52,0
10:52,0
10:52,0
10:52,0
10:52,0
10:52,0
10:52,0
10:52,0
10:52,0
10:52,0
10:52,0
10:52,0
10:52,0
10:52,0
10:52,0
10:52,0
10:52,0
10:52,0
10:52,0
10:52,0
10:52,0
10:52,0
10:52,0
10:52,0
10:52,0
10:52,0
10:52,0
10:52,0
10:52,0
10:52,0
10:52,0
10:52,0
10:52,0
10:52,0
10:52,0
10:52,0
10:52,0
10:52,0
10:52,0
10:52,0
10:53,0
10:53,0
10:53,0
10:53,0
10:53,0
10:53,0
10:53,0
10:53,0
10:53,0
10:53,0
10:53,0
10:53,0
10:53,0
10:53,0
10:53,0
10:53,0
10:53,0
10:53,0
10:53,0
10:53,0
10:53,0
10:53,0
10:53,0
10:53,0
10:53,0
10:53,0
10:53,0
10:53,0
10:53,0
10:53,0
10:53,0
10:53,0
10:53,0
10:53,0
10:53,0
10:53,0
10:53,0
10:53,0
10:53,0
10:53,0
10:53,0
10:53,0
10:53,0
10:53,0
10:53,0
10:53,0
10:53,0
10:53,0
10:53,0
10:53,0
10:53,0
10:53,0
10:53,0
10:53,0
10:53,0
10:53,0
10:53,0
10:54,0
10:54,0
10:54,0
10:54,0
10:54,0
10:54,0
10:54,0
10:54,0
10:54,0
10:54,0
10:54,0
10:54,0
10:54,0
10:54,0
10:54,0
10:54,0
10:54,0
10:54,0
10:54,0
10:54,0
10:54,0
10:54,0
10:54,0
10:54,0
10:54,0
10:54,0
10:54,0
10:54,0
10:54,0
10:54,0
10:54,0
10:54,0
10:54,0
10:54,0
10:54,0
10:54,0
10:54,0
10:54,0
10:54,0
10:54,0
10:54,0
10:54,0
10:54,0
10:54,0
10:54,0
10:54,0
10:54,0
10:54,0
10:54,0
10:54,0
10:54,0
10:54,0
10:54,0
10:54,0
10:54,0
10:55,0
10:55,0
10:55,0
10:55,0
10:55,0
10:55,0
10:55,0
10:55,0
10:55,0
10:55,0
10:55,0
10:55,0
10:55,0
10:55,0
10:55,0
10:55,0
10:55,0
10:55,0
10:55,0
10:55,0
10:55,0
10:55,0
10:55,0
10:55,0
10:55,0
10:55,0
10:55,0
10:55,0
10:55,0
10:55,0
10:55,0
10:55,0
10:55,0
10:55,0
10:55,0
10:55,0
10:55,0
10:55,0
10:55,0
10:55,0
10:55,0
10:55,0
10:55,0
10:55,0
10:55,0
10:55,0
10:55,0
10:55,0
10:55,0
10:55,0
10:55,0
10:55,0
10:55,0
10:55,0
10:55,0
10:55,0
10:55,0
10:56,0
10:56,0
10:56,0
10:56,0
10:56,0
10:56,0
10:56,0
10:56,0
10:56,0
10:56,0
10:56,0
10:56,0
10:56,0
10:56,0
10:56,0
10:56,0
10:56,0
10:56,0
10:56,0
10:56,0
10:56,0
10:56,0
10:56,0
10:56,0
10:56,0
10:56,0
10:56,0
10:56,0
10:56,0
10:56,0
10:56,0
10:56,0
10:56,0
10:56,0
10:56,0
10:56,0
10:56,0
10:56,0
10:56,0
10:56,0
10:56,0
10:56,0
10:56,0
10:56,0
10:56,0
10:56,0
10:56,0
10:56,0
10:56,0
10:56,0
10:56,0
10:56,0
10:56,0
10:56,0
10:56,0
10:57,0
10:57,0
10:57,0
10:57,0
10:57,0
10:57,0
10:57,0
10:57,0
10:57,0
10:57,0
10:57,0
10:57,0
10:57,0
10:57,0
10:57,0
10:57,0
10:57,0
10:57,0
10:57,0
10:57,0
10:57,0
10:57,0
10:57,0
10:57,0
10:57,0
10:57,0
10:57,0
10:57,0
10:57,0
10:57,0
10:57,0
10:57,0
10:57,0
10:57,0
10:57,0
10:57,0
10:57,0
10:57,0
10:57,0
10:57,0
10:57,0
10:57,0
10:57,0
10:57,0
10:57,0
10:57,0
10:57,0
10:57,0
10:57,0
10:57,0
10:57,0
10:57,0
10:57,0
10:57,0
10:57,0
10:57,0
10:58,0
10:58,0
10:58,0
10:58,0
10:58,0
10:58,0
10:58,0
10:58,0
10:58,0
10:58,0
10:58,0
10:58,0
10:58,0
10:58,0
10:58,0
10:58,0
10:58,0
10:58,0
10:58,0
10:58,0
10:58,0
10:58,0
10:58,0
10:58,0
10:58,0
10:58,0
10:58,0
10:58,0
10:58,0
10:58,0
10:58,0
10:58,0
10:58,0
10:58,0
10:58,0
10:58,0
10:58,0
10:58,0
10:58,0
10:58,0
10:58,0
10:58,0
10:58,0
10:58,0
10:58,0
10:58,0
10:58,0
10:58,0
10:58,0
10:58,0
10:58,0
10:58,0
10:58,0
10:58,0
10:58,0
10:58,0
10:59,0
10:59,0
10:59,0
10:59,0
10:59,0
10:59,0
10:59,0
10:59,0
10:59,0
10:59,0
10:59,0
10:59,0
10:59,0
10:59,0
10:59,0
10:59,0
10:59,0
10:59,0
10:59,0
10:59,0
10:59,0
10:59,0
10:59,0
10:59,0
10:59,0
10:59,0
10:59,0
10:59,0
10:59,0
10:59,0
10:59,0
10:59,0
10:59,0
10:59,0
10:59,0
10:59,0
10:59,0
10:59,0
10:59,0
10:59,0
10:59,0
10:59,0
10:59,0
10:59,0
10:59,0
10:59,0
10:59,0
10:59,0
10:59,0
10:59,0
10:59,0
10:59,0
10:59,0
10:59,0
10:59,0
10:59,0
11:00,0
11:00,0
11:00,0
11:00,0
11:00,0
11:00,0
11:00,0
11:00,0
11:00,0
11:00,0
11:00,0
11:00,0
11:00,0
11:00,0
11:00,0
11:00,0
11:00,0
11:00,0
11:00,0
11:00,0
11:00,0
11:00,0
11:00,0
11:00,0
11:00,0
11:00,0
11:00,0
11:00,0
11:00,0
11:00,0
11:00,0
11:00,0
11:00,0
11:00,0
11:00,0
11:00,0
11:00,0
11:00,0
11:00,0
11:00,0
11:00,0
11:00,0
11:00,0
11:00,0
11:00,0
11:00,0
11:00,0
11:00,0
11:00,0
11:00,0
11:00,0
11:00,0
11:00,0
11:00,0
11:00,0
11:00,0
11:01,0
11:01,0
11:01,0
11:01,0
11:01,0
11:01,0
11:01,0
11:01,0
11:01,0
11:01,0
11:01,0
11:01,0
11:01,0
11:01,0
11:01,0
11:01,0
11:01,0
11:01,0
11:01,0
11:01,0
11:01,0
11:01,0
11:01,0
11:01,0
11:01,0
11:01,0
11:01,0
11:01,0
11:01,0
11:01,0
11:01,0
11:01,0
11:01,0
11:01,0
11:01,0
11:01,0
11:01,0
11:01,0
11:01,0
11:01,0
11:01,0
11:01,0
11:01,0
11:01,0
11:02,0
11:02,0
11:02,0
11:02,0
11:02,0
11:02,0
11:02,0
11:02,0
11:02,0
11:02,0
11:02,0
11:02,0
11:02,0
11:02,0
11:02,0
11:02,0
11:02,0
11:02,0
11:02,0
11:02,0
11:02,0
11:02,0
11:02,0
11:02,0
11:02,0
11:02,0
11:02,0
11:02,0
11:02,0
11:02,0
11:02,0
11:02,0
11:02,0
11:02,0
11:02,0
11:02,0
11:02,0
11:02,0
11:02,0
11:02,0
11:02,0
11:02,0
11:02,0
11:02,0
11:02,0
11:02,0
11:02,0
11:02,0
11:02,0
11:02,0
11:02,0
11:02,0
11:02,0
11:02,0
11:02,0
11:02,0
11:03,0
11:03,0
11:03,0
11:03,0
11:03,0
11:03,0
11:03,0
11:03,0
11:03,0
11:03,0
11:03,0
11:03,0
11:03,0
11:03,0
11:03,0
11:03,0
11:03,0
11:03,0
11:03,0
11:03,0
11:03,0
11:03,0
11:03,0
11:03,0
11:03,0
11:03,0
11:03,0
11:03,0
11:03,0
11:03,0
11:03,0
11:03,0
11:03,0
11:03,0
11:03,0
11:03,0
11:03,0
11:03,0
11:03,0
11:03,0
11:03,0
11:03,0
11:03,0
11:03,0
11:03,0
11:03,0
11:03,0
11:03,0
11:03,0
11:03,0
11:03,0
11:03,0
11:03,0
11:03,0
11:03,0
11:03,0
11:04,0
11:04,0
11:04,0
11:04,0
11:04,0
11:04,0
11:04,0
11:04,0
11:04,0
11:04,0
11:04,0
11:04,0
11:04,0
11:04,0
11:04,0
11:04,0
11:04,0
11:04,0
11:04,0
11:04,0
11:04,0
11:04,0
11:04,0
11:04,0
11:04,0
11:04,0
11:04,0
11:04,0
11:04,0
11:04,0
11:04,0
11:04,0
11:04,0
11:04,0
11:04,0
11:04,0
11:04,0
11:04,0
11:04,0
11:04,0
11:04,0
11:04,0
11:04,0
11:04,0
11:04,0
11:04,0
11:04,0
11:04,0
11:04,0
11:04,0
11:04,0
11:04,0
11:04,0
11:04,0
11:04,0
11:04,0
11:05,0
11:05,0
11:05,0
11:05,0
11:05,0
11:05,0
11:05,0
11:05,0
11:05,0
11:05,0
11:05,0
11:05,0
11:05,0
11:05,0
11:05,0
11:05,0
11:05,0
11:05,0
11:05,0
11:05,0
11:05,0
11:05,0
11:05,0
11:05,0
11:05,0
11:05,0
11:05,0
11:05,0
11:05,0
11:05,0
11:05,0
11:05,0
11:05,0
11:05,0
11:05,0
11:05,0
11:05,0
11:05,0
11:05,0
11:05,0
11:05,0
11:05,0
11:05,0
11:05,0
11:05,0
11:05,0
11:05,0
11:05,0
11:05,0
11:05,0
11:05,0
11:05,0
11:05,0
11:05,0
11:05,0
11:05,0
11:06,0
11:06,0
11:06,0
11:06,0
11:06,0
11:06,0
11:06,0
11:06,0
11:06,0
11:06,0
11:06,0
11:06,0
11:06,0
11:06,0
11:06,0
11:06,0
11:06,0
11:06,0
11:06,0
11:06,0
11:06,0
11:06,0
11:06,0
11:06,0
11:06,0
11:06,0
11:06,0
11:06,0
11:06,0
11:06,0
11:06,0
11:06,0
11:06,0
11:06,0
11:06,0
11:06,0
11:06,0
11:06,0
11:06,0
11:06,0
11:06,0
11:06,0
11:06,0
11:06,0
11:06,0
11:06,0
11:06,0
11:06,0
11:06,0
11:06,0
11:06,0
11:06,0
11:06,0
11:06,0
11:06,0
11:07,0
11:07,0
11:07,0
11:07,0
11:07,0
11:07,0
11:07,0
11:07,0
11:07,0
11:07,0
11:07,0
11:07,0
11:07,0
11:07,0
11:07,0
11:07,0
11:07,0
11:07,0
11:07,0
11:07,0
11:07,0
11:07,0
11:07,0
11:07,0
11:07,0
11:07,0
11:07,0
11:07,0
11:07,0
11:07,0
11:07,0
11:07,0
11:07,0
11:07,0
11:07,0
11:07,0
11:07,0
11:07,0
11:07,0
11:07,0
11:07,0
11:07,0
11:07,0
11:07,0
11:07,0
11:07,0
11:07,0
11:07,0
11:07,0
11:07,0
11:07,0
11:07,0
11:07,0
11:07,0
11:07,0
11:07,0
11:08,0
11:08,0
11:08,0
11:08,0
11:08,0
11:08,0
11:08,0
11:08,0
11:08,0
11:08,0
11:08,0
11:08,0
11:08,0
11:08,0
11:08,0
11:08,0
11:08,0
11:08,0
11:08,0
11:08,0
11:08,0
11:08,0
11:08,0
11:08,0
11:08,0
11:08,0
11:08,0
11:08,0
11:08,0
11:08,0
11:08,0
11:08,0
11:08,0
11:08,0
11:08,0
11:08,0
11:08,0
11:08,0
11:08,0
11:08,0
11:08,0
11:08,0
11:08,0
11:08,0
11:08,0
11:08,0
11:08,0
11:08,0
11:08,0
11:08,0
11:08,0
11:08,0
11:08,0
11:08,0
11:08,0
11:08,0
11:09,0
11:09,0
11:09,0
11:09,0
11:09,0
11:09,0
11:09,0
11:09,0
11:09,0
11:09,0
11:09,0
11:09,0
11:09,0
11:09,0
11:09,0
11:09,0
11:09,0
11:09,0
11:09,0
11:09,0
11:09,0
11:09,0
11:09,0
11:09,0
11:09,0
11:09,0
11:09,0
11:09,0
11:09,0
11:09,0
11:09,0
11:09,0
11:09,0
11:09,0
11:09,0
11:09,0
11:09,0
11:09,0
11:09,0
11:09,0
11:09,0
11:09,0
11:09,0
11:09,1
11:09,1
11:09,1
11:09,1
11:09,1
11:09,1
11:09,1
11:09,1
11:09,1
11:09,1
11:09,1
11:09,1
11:09,1
11:10,1
11:10,0
11:10,0
11:10,0
11:10,0
11:10,0
11:10,0
11:10,0
11:10,0
11:10,0
11:10,0
11:10,0
11:10,0
11:10,0
11:10,0
11:10,0
11:10,0
11:10,0
11:10,0
11:10,0
11:10,0
11:10,0
11:10,0
11:10,0
11:10,0
11:10,0
11:10,0
11:10,0
11:10,0
11:10,0
11:10,0
11:10,0
11:10,0
11:10,0
11:10,0
11:10,0
11:10,0
11:10,0
11:10,0
11:10,0
11:10,0
11:10,0
11:10,0
11:10,0
11:10,0
11:10,0
11:10,0
11:10,0
11:10,0
11:10,0
11:10,0
11:10,0
11:10,0
11:10,0
11:10,0
11:10,0
11:11,0
11:11,0
11:11,0
11:11,0
11:11,0
11:11,0
11:11,0
11:11,0
11:11,0
11:11,0
11:11,0
11:11,0
11:11,0
11:11,0
11:11,0
11:11,0
11:11,0
11:11,0
11:11,0
11:11,0
11:11,0
11:11,0
11:11,0
11:11,0
11:11,0
11:11,0
11:11,0
11:11,0
11:11,0
11:11,0
11:11,0
11:11,0
11:11,0
11:11,0
11:11,0
11:11,0
11:11,0
11:11,0
11:11,0
11:11,0
11:11,0
11:11,0
11:11,0
11:11,0
11:11,0
11:12,0
11:12,0
11:12,0
11:12,0
11:12,0
11:12,0
11:12,0
11:12,0
11:12,0
11:12,0
11:12,0
11:12,0
11:12,0
11:12,0
11:12,0
11:12,0
11:12,0
11:12,0
11:12,0
11:12,0
11:12,0
11:12,0
11:12,0
11:12,0
11:12,0
11:12,0
11:12,0
11:12,0
11:12,0
11:12,0
11:12,0
11:12,0
11:12,0
11:12,0
11:12,0
11:12,0
11:12,0
11:12,0
11:12,0
11:12,0
11:12,0
11:12,0
11:12,0
11:12,0
11:12,0
11:12,0
11:12,0
11:12,0
11:12,0
11:12,0
11:12,0
11:12,0
11:12,0
11:12,0
11:12,0
11:12,0
11:13,0
11:13,0
11:13,0
11:13,0
11:13,0
11:13,0
11:13,0
11:13,0
11:13,0
11:13,0
11:13,0
11:13,0
11:13,0
11:13,0
11:13,0
11:13,0
11:13,0
11:13,0
11:13,0
11:13,0
11:13,0
11:13,0
11:13,0
11:13,0
11:13,0
11:13,0
11:13,0
11:13,0
11:13,0
11:13,0
11:13,0
11:13,0
11:13,0
11:13,0
11:13,0
11:13,0
11:13,0
11:13,0
11:13,0
11:13,0
11:13,0
11:13,0
11:13,0
11:13,0
11:13,0
11:13,0
11:13,0
11:13,0
11:13,0
11:13,0
11:13,0
11:13,0
11:13,0
11:13,0
11:13,0
11:13,0
11:14,0
11:14,0
11:14,0
11:14,0
11:14,0
11:14,0
11:14,0
11:14,0
11:14,0
11:14,0
11:14,0
11:14,0
11:14,0
11:14,0
11:14,0
11:14,0
11:14,0
11:14,0
11:14,0
11:14,0
11:14,0
11:14,0
11:14,0
11:14,0
11:14,0
11:14,0
11:14,0
11:14,0
11:14,0
11:14,0
11:14,0
11:14,0
11:14,0
11:14,0
11:14,0
11:14,0
11:14,0
11:14,0
11:14,0
11:14,0
11:14,0
11:14,0
11:14,0
11:14,0
11:14,0
11:14,0
11:14,0
11:14,0
11:14,0
11:14,0
11:14,0
11:14,0
11:14,0
11:14,0
11:14,0
11:15,0
11:15,0
11:15,0
11:15,0
11:15,0
11:15,0
11:15,0
11:15,0
11:15,0
11:15,0
11:15,0
11:15,0
11:15,0
11:15,0
11:15,0
11:15,0
11:15,0
11:15,0
11:15,0
11:15,0
11:15,0
11:15,0
11:15,0
11:15,0
11:15,0
11:15,0
11:15,0
11:15,0
11:15,0
11:15,0
11:15,0
11:15,0
11:15,0
11:15,0
11:15,0
11:15,0
11:15,0
11:15,0
11:15,0
11:15,0
11:15,0
11:15,0
11:15,0
11:15,0
11:15,0
11:15,0
11:15,0
11:15,0
11:15,0
11:15,0
11:15,0
11:15,0
11:15,0
11:15,0
11:15,0
11:15,0
11:16,0
11:16,0
11:16,0
11:16,0
11:16,0
11:16,0
11:16,0
11:16,0
11:16,0
11:16,0
11:16,0
11:16,0
11:16,0
11:16,0
11:16,0
11:16,0
11:16,0
11:16,0
11:16,0
11:16,0
11:16,0
11:16,0
11:16,0
11:16,0
11:16,0
11:16,0
11:16,0
11:16,0
11:16,0
11:16,0
11:16,0
11:16,0
11:16,0
11:16,0
11:16,0
11:16,0
11:16,0
11:16,0
11:16,0
11:16,0
11:16,0
11:16,0
11:16,0
11:16,0
11:16,0
11:16,0
11:16,0
11:16,0
11:16,0
11:16,0
11:16,0
11:16,0
11:16,0
11:16,0
11:16,0
11:16,0
11:17,0
11:17,0
11:17,0
11:17,0
11:17,0
11:17,0
11:17,0
11:17,0
11:17,0
11:17,0
11:17,0
11:17,0
11:17,0
11:17,0
11:17,0
11:17,0
11:17,0
11:17,0
11:17,0
11:17,0
11:17,0
11:17,0
11:17,0
11:17,0
11:17,0
11:17,0
11:17,0
11:17,0
11:17,0
11:17,0
11:17,0
11:17,0
11:17,0
11:17,0
11:17,0
11:17,0
11:17,0
11:17,0
11:17,0
11:17,0
11:17,0
11:17,0
11:17,0
11:17,0
11:17,0
11:17,0
11:17,0
11:17,0
11:17,0
11:17,0
11:17,0
11:17,0
11:17,0
11:17,0
11:17,0
11:17,0
11:18,0
11:18,0
11:18,0
11:18,0
11:18,0
11:18,0
11:18,0
11:18,0
11:18,0
11:18,0
11:18,0
11:18,0
11:18,0
11:18,0
11:18,0
11:18,0
11:18,0
11:18,0
11:18,0
11:18,0
11:18,0
11:18,0
11:18,0
11:18,0
11:18,0
11:18,0
11:18,0
11:18,0
11:18,0
11:18,0
11:18,0
11:18,0
11:18,0
11:18,0
11:18,0
11:18,0
11:18,0
11:18,0
11:18,0
11:18,0
11:18,0
11:18,0
11:18,0
11:18,0
11:18,0
11:18,0
11:18,0
11:18,0
11:18,0
11:18,0
11:18,0
11:18,0
11:18,0
11:18,0
11:18,0
11:19,0
11:19,0
11:19,0
11:19,0
11:19,0
11:19,0
11:19,0
11:19,0
11:19,0
11:19,0
11:19,0
11:19,0
11:19,0
11:19,0
11:19,0
11:19,0
11:19,0
11:19,0
11:19,0
11:19,0
11:19,0
11:19,0
11:19,0
11:19,0
11:19,0
11:19,0
11:19,0
11:19,0
11:19,0
11:19,0
11:19,0
11:19,0
11:19,0
11:19,0
11:19,0
11:19,0
11:19,0
11:19,0
11:19,0
11:19,0
11:19,0
11:19,0
11:19,0
11:19,0
11:19,0
11:19,0
11:19,0
11:19,0
11:19,0
11:19,0
11:19,0
11:19,0
11:19,0
11:19,0
11:19,0
11:19,0
11:20,0
11:20,0
11:20,0
11:20,0
11:20,0
11:20,1
11:20,1
11:20,1
11:20,1
11:20,1
11:20,1
11:20,1
11:20,1
11:20,1
11:20,0
11:20,0
11:20,0
11:20,0
11:20,1
11:20,1
11:20,1
11:20,1
11:20,1
11:20,1
11:20,1
11:20,0
11:20,0
11:20,0
11:20,0
11:20,0
11:20,1
11:20,1
11:20,1
11:20,1
11:21,1
11:21,1
11:21,1
11:21,1
11:21,0
11:21,0
11:21,0
11:21,0
11:21,0
11:21,0
11:21,1
11:21,1
11:21,1
11:21,1
11:21,1
11:21,1
11:21,1
11:21,0
11:21,0
11:21,0
11:21,1
11:21,1
11:21,1
11:21,1
11:21,1
11:21,1
11:21,1
11:22,1
11:22,0
11:22,0
11:22,1
11:22,1
11:22,1
11:22,1
11:22,1
11:22,1
11:22,1
11:22,1
11:22,1
11:22,0
11:22,0
11:22,0
11:22,0
11:22,0
11:22,0
11:22,0
11:22,0
11:22,0
11:22,0
11:22,0
11:22,0
11:22,1
11:22,1
11:22,1
11:22,1
11:22,1
11:22,1
11:22,1
11:22,1
11:22,1
11:22,1
11:22,0
11:22,0
11:22,1
11:22,1
11:22,1
11:23,1
11:23,1
11:23,1
11:23,1
11:23,1
11:23,0
11:23,0
11:23,0
11:23,0
11:23,0
11:23,0
11:23,0
11:23,0
11:23,0
11:23,0
11:23,0
11:23,0
11:23,0
11:23,0
11:23,0
11:23,0
11:23,1
11:23,1
11:23,1
11:23,1
11:23,1
11:23,1
11:23,1
11:23,0
11:23,0
11:23,0
11:23,0
11:23,0
11:24,0
11:24,0
11:24,0
11:24,0
11:24,1
11:24,1
11:24,1
11:24,1
11:24,1
11:24,1
11:24,1
11:24,1
11:24,0
11:24,0
11:24,1
11:24,1
11:24,1
11:24,1
11:24,1
11:24,1
11:24,1
11:24,1
11:24,1
11:24,0
11:24,0
11:24,0
11:24,0
11:24,0
11:24,0
11:24,0
11:24,0
11:25,0
11:25,1
11:25,1
11:25,1
11:25,1
11:25,1
11:25,1
11:25,1
11:25,1
11:25,0
11:25,0
11:25,0
11:25,1
11:25,1
11:25,1
11:25,1
11:25,1
11:25,1
11:25,1
11:25,1
11:25,1
11:25,0
11:25,0
11:25,0
11:25,0
11:25,0
11:25,0
11:25,0
11:25,0
11:25,0
11:25,0
11:25,0
11:25,0
11:25,0
11:25,0
11:25,0
11:25,0
11:25,0
11:25,0
11:26,0
11:26,0
11:26,1
11:26,1
11:26,1
11:26,1
11:26,1
11:26,1
11:26,1
11:26,1
11:26,0
11:26,0
11:26,0
11:26,0
11:26,0
11:26,0
11:26,0
11:26,0
11:26,1
11:26,1
11:26,1
11:26,1
11:26,1
11:26,1
11:26,1
11:26,1
11:26,1
11:26,0
11:26,0
11:26,0
11:26,1
11:26,1
11:26,1
11:27,1
11:27,1
11:27,1
11:27,1
11:27,1
11:27,0
11:27,0
11:27,0
11:27,0
11:27,0
11:27,0
11:27,0
11:27,0
11:27,0
11:27,1
11:27,1
11:27,1
11:27,1
11:27,1
11:27,1
11:27,1
11:27,1
11:27,0
11:27,0
11:27,1
11:27,1
11:27,1
11:27,1
11:27,1
11:27,1
11:27,1
11:28,1
11:28,0
11:28,0
11:28,0
11:28,1
11:28,1
11:28,1
11:28,1
11:28,1
11:28,1
11:28,1
11:28,1
11:28,1
11:28,1
11:28,0
11:28,0
11:28,0
11:28,1
11:28,1
11:28,1
11:28,1
11:28,1
11:28,1
11:28,1
11:28,0
11:28,0
11:28,0
11:28,1
11:28,1
11:28,1
11:28,1
11:28,1
11:28,1
11:28,1
11:29,0
11:29,0
11:29,0
11:29,0
11:29,0
11:29,0
11:29,0
11:29,1
11:29,1
11:29,1
11:29,1
11:29,1
11:29,1
11:29,1
11:29,1
11:29,1
11:29,0
11:29,0
11:29,0
11:29,0
11:29,0
11:29,0
11:29,0
11:29,0
11:29,0
11:29,0
11:29,0
11:29,0
11:29,0
11:29,0
11:29,0
11:29,0
11:29,0
11:30,0
11:30,0
11:30,0
11:30,0
11:30,0
11:30,1
11:30,1
11:30,1
11:30,1
11:30,1
11:30,1
11:30,1
11:30,0
11:30,0
11:30,0
11:30,1
11:30,1
11:30,1
11:30,1
11:30,1
11:30,1
11:30,1
11:30,1
11:30,0
11:30,0
11:30,0
11:30,0
11:30,0
11:30,0
11:30,1
11:30,1
11:30,1
11:30,1
11:30,1
11:30,1
11:31,1
11:31,1
11:31,0
11:31,0
11:31,0
11:31,0
11:31,0
11:31,0
11:31,0
11:31,1
11:31,1
11:31,1
11:31,1
11:31,1
11:31,1
11:31,1
11:31,0
11:31,0
11:31,0
11:31,1
11:31,1
11:31,1
11:31,1
11:31,1
11:31,1
11:31,1
11:32,1
11:32,0
11:32,0
11:32,1
11:32,1
11:32,1
11:32,1
11:32,1
11:32,1
11:32,1
11:32,1
11:32,0
11:32,0
11:32,0
11:32,1
11:32,1
11:32,1
11:32,1
11:32,1
11:32,1
11:32,1
11:32,1
11:32,1
11:32,0
11:32,0
11:32,0
11:32,0
11:32,0
11:32,0
11:32,0
11:32,0
11:32,0
11:32,0
11:32,1
11:33,1
11:33,1
11:33,1
11:33,1
11:33,1
11:33,1
11:33,1
11:33,1
11:33,0
11:33,0
11:33,0
11:33,0
11:33,0
11:33,0
11:33,0
11:33,0
11:33,0
11:33,0
11:33,0
11:33,0
11:33,1
11:33,1
11:33,1
11:33,1
11:33,1
11:33,1
11:33,1
11:33,0
11:33,0
11:33,0
11:33,1
11:33,1
11:33,1
11:33,1
11:33,1
11:33,1
11:34,1
11:34,1
11:34,0
11:34,0
11:34,0
11:34,0
11:34,0
11:34,1
11:34,1
11:34,1
11:34,1
11:34,1
11:34,1
11:34,1
11:34,1
11:34,0
11:34,0
11:34,0
11:34,0
11:34,0
11:34,0
11:34,0
11:34,0
11:34,0
11:34,0
11:34,0
11:34,0
11:34,0
11:34,0
11:34,0
11:34,0
11:34,0
11:34,0
11:35,0
11:35,0
11:35,1
11:35,1
11:35,1
11:35,1
11:35,1
11:35,1
11:35,1
11:35,1
11:35,1
11:35,1
11:35,1
11:35,1
11:35,0
11:35,0
11:35,0
11:35,0
11:35,0
11:35,0
11:35,0
11:35,0
11:35,0
11:35,0
11:35,0
11:35,0
11:35,0
11:35,0
11:35,0
11:35,0
11:35,0
11:35,0
11:35,0
11:35,0
11:35,0
11:35,0
11:35,0
11:35,0
11:35,0
11:35,0
11:35,0
11:35,0
11:35,0
11:35,0
11:35,0
11:35,0
11:35,0
11:35,0
11:35,0
11:35,0
11:35,0
11:35,0
11:35,0
11:36,0
11:36,0
11:36,0
11:36,1
11:36,1
11:36,1
11:36,1
11:36,1
11:36,1
11:36,1
11:36,1
11:36,1
11:36,1
11:36,1
11:36,1
11:36,1
11:36,0
11:36,0
11:36,0
11:36,0
11:36,0
11:36,0
11:36,0
11:36,0
11:36,0
11:36,0
11:36,0
11:36,0
11:36,0
11:36,0
11:36,0
11:36,0
11:36,0
11:36,0
11:36,0
11:36,0
11:36,0
11:36,0
11:36,0
11:36,0
11:36,0
11:36,0
11:36,0
11:36,0
11:36,0
11:36,0
11:36,0
11:36,0
11:36,0
11:36,0
11:36,0
11:36,0
11:36,0
11:36,0
11:36,0
11:37,0
11:37,0
11:37,0
11:37,0
11:37,0
11:37,0
11:37,0
11:37,0
11:37,0
11:37,0
11:37,0
11:37,0
11:37,0
11:37,0
11:37,0
11:37,0
11:37,0
11:37,0
11:37,0
11:37,0
11:37,0
11:37,0
11:37,0
11:37,0
11:37,0
11:37,0
11:37,0
11:37,0
11:37,0
11:37,0
11:37,0
11:37,0
11:37,0
11:37,0
11:37,0
11:37,0
11:37,0
11:37,0
11:37,0
11:37,0
11:37,0
11:37,0
11:37,0
11:37,0
11:37,0
11:37,0
11:37,0
11:37,0
11:37,0
11:37,0
11:37,0
11:37,0
11:37,0
11:37,0
11:37,0
11:38,0
11:38,0
11:38,0
11:38,0
11:38,0
11:38,0
11:38,0
11:38,0
11:38,0
11:38,0
11:38,0
11:38,0
11:38,0
11:38,0
11:38,0
11:38,0
11:38,0
11:38,0
11:38,0
11:38,0
11:38,0
11:38,0
11:38,0
11:38,0
11:38,0
11:38,0
11:38,0
11:38,0
11:38,0
11:38,0
11:38,0
11:38,0
11:38,0
11:38,0
11:38,0
11:38,0
11:38,0
11:38,0
11:38,0
11:38,0
11:38,0
11:38,0
11:38,0
11:38,0
11:38,0
11:38,0
11:38,0
11:38,0
11:38,0
11:38,0
11:38,0
11:38,0
11:38,0
11:38,0
11:38,0
11:38,0
11:38,0
11:39,0
11:39,0
11:39,0
11:39,0
11:39,0
11:39,0
11:39,0
11:39,0
11:39,0
11:39,0
11:39,0
11:39,0
11:39,0
11:39,0
11:39,0
11:39,0
11:39,0
11:39,0
11:39,0
11:39,0
11:39,0
11:39,0
11:39,0
11:39,0
11:39,0
11:39,0
11:39,0
11:39,0
11:39,0
11:39,0
11:39,0
11:39,0
11:39,0
11:39,0
11:39,0
11:39,0
11:39,0
11:39,0
11:39,0
11:39,0
11:39,0
11:39,0
11:39,0
11:39,0
11:39,0
11:39,0
11:39,0
11:39,0
11:39,0
11:39,0
11:39,0
11:39,0
11:39,0
11:39,0
11:39,0
11:39,0
11:40,0
11:40,0
11:40,0
11:40,0
11:40,1
11:40,1
11:40,1
11:40,1
11:40,1
11:40,1
11:40,1
11:40,1
11:40,1
11:40,0
11:40,0
11:40,0
11:40,0
11:40,0
11:40,0
11:40,0
11:40,1
11:40,1
11:40,1
11:40,1
11:40,1
11:40,1
11:40,1
11:40,1
11:40,0
11:40,0
11:40,0
11:40,0
11:40,0
11:40,0
11:40,0
11:40,0
11:41,0
11:41,0
11:41,0
11:41,0
11:41,0
11:41,0
11:41,0
11:41,0
11:41,0
11:41,0
11:41,0
11:41,0
11:41,1
11:41,1
11:41,1
11:41,0
11:41,0
11:41,0
11:41,1
11:41,1
11:41,1
11:41,1
11:41,1
11:41,1
11:41,1
11:41,1
11:41,1
11:41,0
11:41,0
11:41,0
11:41,0
11:41,0
11:41,0
11:42,0
11:42,0
11:42,0
11:42,0
11:42,1
11:42,1
11:42,1
11:42,1
11:42,1
11:42,1
11:42,1
11:42,1
11:42,1
11:42,0
11:42,0
11:42,0
11:42,0
11:42,1
11:42,1
11:42,1
11:42,1
11:42,1
11:42,1
11:42,1
11:42,1
11:42,1
11:42,1
11:42,1
11:42,0
11:42,0
11:42,0
11:42,1
11:42,1
11:42,1
11:42,1
11:42,1
11:42,1
11:42,1
11:42,1
11:42,1
11:42,1
11:42,1
11:42,0
11:43,0
11:43,0
11:43,0
11:43,0
11:43,0
11:43,0
11:43,1
11:43,1
11:43,1
11:43,1
11:43,1
11:43,1
11:43,1
11:43,1
11:43,1
11:43,0
11:43,0
11:43,0
11:43,0
11:43,0
11:43,1
11:43,1
11:43,1
11:43,1
11:43,1
11:43,1
11:43,1
11:43,1
11:43,1
11:43,1
11:43,0
11:43,0
11:43,0
11:43,1
11:43,1
11:43,1
11:43,1
11:44,1
11:44,1
11:44,1
11:44,0
11:44,0
11:44,0
11:44,1
11:44,1
11:44,1
11:44,1
11:44,1
11:44,1
11:44,1
11:44,1
11:44,0
11:44,0
11:44,1
11:44,1
11:44,1
11:44,1
11:44,1
11:44,1
11:44,1
11:44,0
11:44,0
11:44,0
11:44,1
11:44,1
11:44,1
11:45,1
11:45,1
11:45,1
11:45,1
11:45,0
11:45,0
11:45,1
11:45,1
11:45,1
11:45,1
11:45,1
11:45,1
11:45,1
11:45,1
11:45,0
11:45,0
11:45,1
11:45,1
11:45,1
11:45,1
11:45,1
11:45,1
11:45,1
11:45,0
11:45,0
11:45,0
11:45,0
11:45,1
11:45,1
11:45,1
11:46,1
11:46,1
11:46,1
11:46,1
11:46,1
11:46,0
11:46,0
11:46,0
11:46,1
11:46,1
11:46,1
11:46,1
11:46,1
11:46,1
11:46,1
11:46,1
11:46,1
11:46,0
11:46,0
11:46,1
11:46,1
11:46,1
11:46,1
11:46,1
11:46,1
11:46,1
11:46,1
11:46,1
11:46,0
11:46,0
11:46,1
11:46,1
11:46,1
11:46,1
11:47,1
11:47,1
11:47,1
11:47,1
11:47,0
11:47,0
11:47,1
11:47,1
11:47,1
11:47,1
11:47,1
11:47,1
11:47,1
11:47,1
11:47,0
11:47,0
11:47,0
11:47,0
11:47,1
11:47,1
11:47,1
11:47,1
11:47,1
11:47,1
11:47,1
11:47,1
11:47,1
11:47,0
11:47,0
11:47,0
11:47,0
11:47,0
11:47,1
11:47,1
11:48,1
11:48,1
11:48,1
11:48,1
11:48,1
11:48,0
11:48,0
11:48,1
11:48,1
11:48,1
11:48,1
11:48,1
11:48,1
11:48,1
11:48,1
11:48,0
11:48,0
11:48,1
11:48,1
11:48,1
11:48,1
11:48,1
11:48,1
11:48,1
11:48,1
11:48,0
11:48,0
11:48,0
11:48,1
11:48,1
11:49,1
11:49,1
11:49,1
11:49,1
11:49,1
11:49,1
11:49,0
11:49,0
11:49,0
11:49,1
11:49,1
11:49,1
11:49,1
11:49,1
11:49,1
11:49,1
11:49,1
11:49,0
11:49,0
11:49,1
11:49,1
11:49,1
11:49,1
11:49,1
11:49,1
11:49,1
11:49,1
11:49,0
11:49,0
11:49,0
11:49,0
11:49,0
11:50,0
11:50,0
11:50,1
11:50,1
11:50,1
11:50,1
11:50,1
11:50,1
11:50,1
11:50,1
11:50,1
11:50,1
11:50,1
11:50,0
11:50,0
11:50,0
11:50,0
11:50,0
11:50,0
11:50,0
11:50,0
11:50,0
11:50,0
11:50,0
11:50,0
11:50,0
11:50,0
11:50,0
11:50,0
11:50,0
11:50,0
11:50,0
11:50,0
11:50,0
11:50,0
11:50,0
11:50,0
11:50,0
11:50,0
11:50,0
11:50,0
11:50,0
11:50,0
11:50,0
11:50,0
11:50,0
11:50,0
11:50,0
11:50,0
11:50,0
11:50,0
11:51,0
11:51,0
11:51,0
11:51,0
11:51,0
11:51,0
11:51,0
11:51,0
11:51,0
11:51,0
11:51,0
11:51,0
11:51,0
11:51,0
11:51,0
11:51,0
11:51,0
11:51,0
11:51,0
11:51,0
11:51,0
11:51,0
11:51,0
11:51,0
11:51,0
11:51,0
11:51,0
11:51,0
11:51,0
11:51,0
11:51,0
11:51,0
11:51,0
11:51,0
11:51,0
11:51,0
11:51,0
11:51,0
11:51,0
11:51,0
11:51,0
11:51,0
11:51,0
11:51,0
11:51,0
11:52,0
11:52,0
11:52,0
11:52,0
11:52,0
11:52,0
11:52,0
11:52,0
11:52,0
11:52,0
11:52,0
11:52,0
11:52,0
11:52,0
11:52,0
11:52,0
11:52,0
11:52,0
11:52,0
11:52,0
11:52,0
11:52,0
11:52,0
11:52,0
11:52,0
11:52,0
11:52,0
11:52,0
11:52,0
11:52,0
11:52,0
11:52,0
11:52,0
11:52,0
11:52,0
11:52,0
11:52,0
11:52,0
11:52,0
11:52,0
11:52,0
11:52,0
11:52,0
11:52,0
11:52,0
11:52,0
11:52,0
11:52,0
11:52,0
11:52,0
11:52,0
11:52,0
11:52,0
11:52,0
11:52,0
11:52,0
11:52,0
11:53,0
11:53,0
11:53,0
11:53,0
11:53,0
11:53,0
11:53,0
11:53,0
11:53,0
11:53,0
11:53,0
11:53,0
11:53,0
11:53,0
11:53,0
11:53,0
11:53,0
11:53,0
11:53,0
11:53,0
11:53,0
11:53,0
11:53,0
11:53,0
11:53,0
11:53,0
11:53,0
11:53,0
11:53,0
11:53,0
11:53,0
11:53,0
11:53,0
11:53,0
11:53,0
11:53,0
11:53,0
11:53,0
11:53,0
11:53,0
11:53,0
11:53,0
11:53,0
11:53,0
11:53,0
11:53,0
11:53,0
11:53,0
11:53,0
11:53,0
11:53,0
11:53,0
11:53,0
11:53,0
11:53,0
11:54,0
11:54,0
11:54,0
11:54,0
11:54,0
11:54,0
11:54,0
11:54,0
11:54,0
11:54,0
11:54,0
11:54,0
11:54,0
11:54,0
11:54,0
11:54,0
11:54,0
11:54,0
11:54,0
11:54,0
11:54,0
11:54,0
11:54,0
11:54,0
11:54,0
11:54,0
11:54,0
11:54,0
11:54,0
11:54,0
11:54,0
11:54,0
11:54,0
11:54,0
11:54,0
11:54,0
11:54,0
11:54,0
11:54,0
11:54,0
11:54,0
11:54,0
11:54,0
11:54,0
11:54,0
11:54,0
11:54,0
11:54,0
11:54,0
11:54,0
11:54,0
11:54,0
11:54,0
11:54,0
11:54,0
11:54,0
11:55,0
11:55,0
11:55,0
11:55,0
11:55,0
11:55,0
11:55,0
11:55,0
11:55,0
11:55,0
11:55,0
11:55,0
11:55,0
11:55,0
11:55,0
11:55,0
11:55,0
11:55,0
11:55,0
11:55,0
11:55,0
11:55,0
11:55,0
11:55,0
11:55,0
11:55,0
11:55,0
11:55,0
11:55,0
11:55,0
11:55,0
11:55,0
11:55,0
11:55,0
11:55,0
11:55,0
11:55,0
11:55,0
11:55,0
11:55,0
11:55,0
11:55,0
11:55,0
11:55,0
11:55,0
11:55,0
11:55,0
11:55,0
11:55,0
11:55,0
11:55,0
11:55,0
11:55,0
11:55,0
11:56,0
11:56,0
11:56,0
11:56,0
11:56,0
11:56,0
11:56,0
11:56,0
11:56,0
11:56,0
11:56,0
11:56,0
11:56,0
11:56,0
11:56,0
11:56,0
11:56,0
11:56,0
11:56,0
11:56,0
11:56,0
11:56,0
11:56,0
11:56,0
11:56,0
11:56,1
11:56,1
11:56,1
11:56,1
11:56,1
11:56,1
11:56,1
11:56,1
11:56,1
11:56,1
11:56,1
11:56,1
11:56,1
11:56,1
11:56,0
11:56,0
11:56,0
11:56,0
11:56,0
11:56,0
11:56,0
11:56,0
11:56,0
11:56,0
11:56,0
11:56,0
11:56,0
11:56,0
11:56,0
11:56,0
11:56,0
11:57,0
11:57,0
11:57,0
11:57,0
11:57,0
11:57,0
11:57,0
11:57,0
11:57,0
11:57,0
11:57,0
11:57,0
11:57,0
11:57,0
11:57,0
11:57,0
11:57,0
11:57,0
11:57,0
11:57,0
11:57,0
11:57,0
11:57,0
11:57,0
11:57,0
11:57,0
11:57,0
11:57,0
11:57,0
11:57,0
11:57,0
11:57,0
11:57,0
11:57,0
11:57,0
11:57,0
11:57,0
11:57,0
11:57,0
11:57,0
11:57,0
11:57,0
11:57,0
11:57,0
11:57,0
11:57,0
11:57,0
11:57,0
11:57,0
11:57,0
11:57,0
11:57,0
11:57,0
11:57,0
11:57,0
11:58,0
11:58,0
11:58,0
11:58,0
11:58,0
11:58,0
11:58,0
11:58,0
11:58,0
11:58,0
11:58,0
11:58,0
11:58,0
11:58,0
11:58,0
11:58,0
11:58,0
11:58,0
11:58,0
11:58,0
11:58,0
11:58,0
11:58,0
11:58,0
11:58,0
11:58,0
11:58,0
11:58,0
11:58,0
11:58,0
11:58,0
11:58,0
11:58,0
11:58,0
11:58,0
11:58,0
11:58,0
11:58,0
11:58,0
11:58,0
11:58,0
11:58,0
11:58,0
11:58,0
11:58,0
11:58,0
11:58,0
11:58,0
11:58,0
11:58,0
11:58,0
11:58,0
11:58,0
11:58,0
11:58,0
11:58,0
11:59,0
11:59,0
11:59,1
11:59,1
11:59,1
11:59,1
11:59,1
11:59,1
11:59,1
11:59,1
11:59,1
11:59,1
11:59,1
11:59,1
11:59,1
11:59,1
11:59,0
11:59,0
11:59,0
11:59,0
11:59,0
11:59,0
11:59,0
11:59,0
11:59,0
11:59,0
11:59,0
11:59,0
11:59,0
11:59,0
11:59,0
11:59,0
11:59,0
11:59,0
11:59,0
11:59,0
11:59,0
11:59,0
11:59,0
11:59,0
11:59,0
11:59,0
11:59,0
11:59,0
11:59,0
11:59,0
11:59,0
11:59,0
11:59,0
11:59,0
11:59,0
11:59,0
11:59,0
11:59,0
11:59,0
11:59,0
12:00,0
12:00,0
12:00,0
12:00,0
12:00,0
12:00,0
12:00,0
12:00,0
12:00,0
12:00,0
12:00,0
12:00,0
12:00,0
12:00,0
12:00,1
12:00,1
12:00,1
12:00,1
12:00,1
12:00,1
12:00,1
12:00,1
12:00,1
12:00,1
12:00,1
12:00,1
12:00,1
12:00,1
12:00,0
12:00,0
12:00,0
12:00,0
12:00,0
12:00,0
12:00,1
12:00,1
12:00,1
12:00,1
12:00,1
12:00,1
12:00,1
12:00,1
12:00,1
12:00,1
12:00,1
12:00,1
12:00,1
12:00,0
12:00,0
12:00,0
12:00,0
12:00,0
12:00,0
12:00,0
12:00,0
12:01,0
12:01,0
12:01,0
12:01,0
12:01,0
12:01,0
12:01,0
12:01,0
12:01,0
12:01,0
12:01,0
12:01,0
12:01,0
12:01,0
12:01,0
12:01,0
12:01,0
12:01,0
12:01,0
12:01,0
12:01,1
12:01,0
12:01,0
12:01,0
12:01,0
12:01,0
12:01,0
12:01,0
12:01,0
12:01,0
12:01,0
12:01,0
12:01,0
12:01,0
12:01,0
12:01,0
12:01,0
12:01,0
12:02,0
12:02,0
12:02,0
12:02,0
12:02,0
12:02,0
12:02,0
12:02,0
12:02,0
12:02,0
12:02,0
12:02,0
12:02,0
12:02,0
12:02,0
12:02,0
12:02,0
12:02,0
12:02,0
12:02,0
12:02,0
12:02,0
12:02,0
12:02,0
12:02,0
12:02,0
12:02,0
12:02,0
12:02,0
12:02,0
12:02,0
12:02,0
12:02,0
12:02,0
12:02,0
12:02,0
12:02,0
12:02,0
12:02,0
12:02,0
12:02,0
12:02,0
12:02,0
12:02,0
12:02,0
12:02,0
12:02,0
12:02,0
12:02,0
12:02,0
12:02,0
12:02,0
12:02,0
12:02,0
12:02,0
12:02,0
12:03,0
12:03,0
12:03,0
12:03,0
12:03,0
12:03,0
12:03,0
12:03,0
12:03,0
12:03,0
12:03,0
12:03,0
12:03,0
12:03,0
12:03,0
12:03,0
12:03,0
12:03,0
12:03,0
12:03,0
13:59,1
13:59,1
13:59,1
13:59,0
13:59,0
13:59,0
13:59,0
13:59,1
13:59,1
13:59,1
13:59,1
13:59,1
13:59,1
13:59,1
13:59,1
13:59,1
13:59,0
13:59,0
13:59,0
13:59,0
13:59,0
13:59,0
13:59,0
13:59,1
14:00,1
14:00,1
14:00,1
14:00,1
14:00,1
14:00,1
14:00,1
14:00,1
14:00,0
14:00,0
14:00,0
14:00,0
14:00,0
14:00,0
14:00,0
14:00,0
14:00,0
14:00,0
14:00,1
14:00,1
14:00,1
14:00,1
14:00,1
14:00,1
14:00,1
14:00,1
14:00,1
14:00,1
14:00,0
14:00,0
14:00,0
14:00,0
14:00,1
14:00,1
14:00,1
14:00,1
14:00,1
14:00,1
14:00,1
14:01,1
14:01,0
14:01,0
14:01,0
14:01,0
14:01,1
14:01,1
14:01,1
14:01,1
14:01,1
14:01,1
14:01,1
14:01,1
14:01,1
14:01,0
14:01,0
14:01,0
14:01,0
14:01,0
14:01,0
14:01,0
14:01,0
14:01,0
14:01,0
14:01,1
14:01,0
14:01,0
14:01,0
14:01,1
14:01,1
14:01,1
14:01,1
14:01,1
14:02,1
14:02,1
14:02,1
14:02,1
14:02,1
14:02,1
14:02,1
14:02,1
14:02,1
14:02,0
14:02,0
14:02,0
14:02,0
14:02,0
14:02,0
14:02,0
14:02,0
14:02,0
14:02,0
14:02,0
14:02,0
14:02,0
14:02,0
14:02,0
14:02,0
14:02,0
14:02,0
14:02,0
14:02,0
14:02,0
14:02,0
14:02,0
14:02,0
14:02,1
14:02,1
14:02,1
14:02,1
14:02,1
14:02,1
14:02,1
14:02,1
14:02,1
14:02,1
14:02,1
14:02,1
14:02,1
14:02,1
14:02,0
14:02,0
14:02,0
14:02,0
14:02,0
14:02,0
14:02,0
14:02,0
14:02,0
14:03,0
14:03,0
14:03,0
14:03,0
14:03,0
14:03,0
14:03,0
14:03,0
14:03,0
14:03,0
14:03,0
14:03,0
14:03,0
14:03,0
14:03,1
14:03,1
14:03,1
14:03,1
14:03,1
14:03,1
14:03,1
14:03,1
14:03,1
14:03,0
14:03,0
14:03,0
14:03,0
14:03,0
14:03,1
14:03,1
14:03,1
14:03,1
14:03,1
14:03,1
14:03,1
14:03,1
14:03,1
14:03,1
14:03,1
14:03,0
14:03,0
14:03,1
14:04,1
14:04,1
14:04,1
14:04,1
14:04,1
14:04,1
14:04,1
14:04,0
14:04,0
14:04,0
14:04,0
14:04,0
14:04,0
14:04,0
14:04,0
14:04,0
14:04,0
14:04,0
14:04,0
14:04,0
14:04,0
14:04,0
14:04,0
14:04,0
14:04,0
14:04,0
14:04,0
14:04,1
14:04,1
14:04,1
14:05,1
14:05,1
14:05,1
14:05,1
14:05,1
14:05,0
14:05,0
14:05,1
14:05,1
14:05,1
14:05,1
14:05,1
14:05,1
14:05,1
14:05,1
14:05,1
14:05,1
14:05,0
14:05,0
14:05,0
14:05,0
14:05,0
14:05,0
14:05,0
14:05,1
14:05,1
14:05,1
14:05,1
14:05,1
14:05,1
14:05,1
14:05,1
14:05,1
14:05,1
14:05,1
14:05,1
14:05,0
14:05,0
14:05,0
14:05,0
14:05,0
14:05,0
14:06,0
14:06,0
14:06,1
14:06,1
14:06,1
14:06,1
14:06,1
14:06,1
14:06,1
14:06,1
14:06,1
14:06,0
14:06,0
14:06,0
14:06,1
14:06,1
14:06,1
14:06,1
14:06,1
14:06,1
14:06,1
14:06,1
14:06,1
14:06,1
14:06,0
14:06,0
14:06,0
14:06,0
14:06,0
14:06,0
14:06,1
14:06,1
14:06,1
14:06,1
14:06,1
14:06,1
14:06,1
14:06,1
14:07,1
14:07,0
14:07,0
14:07,0
14:07,1
14:07,1
14:07,1
14:07,1
14:07,1
14:07,1
14:07,1
14:07,1
14:07,1
14:07,0
14:07,0
14:07,0
14:07,0
14:07,1
14:07,1
14:07,1
14:07,1
14:07,1
14:07,1
14:07,1
14:07,1
14:07,1
14:07,1
14:07,1
14:07,1
14:07,0
14:07,0
14:07,0
14:07,0
14:07,1
14:07,1
14:07,1
14:07,1
14:07,1
14:07,1
14:08,1
14:08,0
14:08,0
14:08,0
14:08,0
14:08,1
14:08,1
14:08,1
14:08,1
14:08,1
14:08,1
14:08,1
14:08,1
14:08,0
14:08,1
14:08,1
14:08,1
14:08,1
14:08,1
14:08,1
14:08,1
14:08,1
14:08,0
14:08,0
14:08,1
14:08,1
14:08,1
14:08,1
14:08,1
14:08,1
14:08,1
14:08,1
14:08,1
14:08,1
14:09,1
14:09,1
14:09,0
14:09,0
14:09,0
14:09,0
14:09,0
14:09,0
14:09,0
14:09,0
14:09,1
14:09,1
14:09,1
14:09,1
14:09,1
14:09,1
14:09,1
14:09,1
14:09,1
14:09,1
14:09,1
14:09,0
14:09,0
14:09,0
14:09,1
14:09,1
14:09,1
14:09,1
14:09,1
14:09,1
14:09,1
14:09,1
14:09,1
14:09,0
14:09,0
14:09,0
14:09,0
14:09,0
14:09,0
14:10,0
14:10,0
14:10,0
14:10,0
14:10,1
14:10,1
14:10,1
14:10,1
14:10,1
14:10,1
14:10,1
14:10,1
14:10,1
14:10,1
14:10,0
14:10,0
14:10,0
14:10,0
14:10,1
14:10,1
14:10,1
14:10,1
14:10,1
14:10,1
14:10,1
14:10,1
14:10,0
14:10,0
14:10,0
14:10,0
14:10,0
14:10,1
14:10,1
14:10,1
14:10,1
14:10,1
14:10,1
14:11,1
14:11,1
14:11,0
14:11,0
14:11,1
14:11,1
14:11,1
14:11,1
14:11,1
14:11,1
14:11,1
14:11,1
14:11,0
14:11,0
14:11,0
14:11,0
14:11,0
14:11,0
14:11,0
14:11,0
14:11,0
14:11,0
14:12,0
14:12,0
14:12,1
14:12,1
14:12,1
14:12,1
14:12,1
14:12,1
14:12,1
14:12,0
14:12,0
14:12,0
14:12,1
14:12,1
14:12,1
14:12,1
14:12,1
14:12,1
14:12,1
14:12,1
14:12,0
14:12,0
14:12,1
14:12,1
14:12,1
14:12,1
14:12,1
14:12,1
14:12,1
14:12,1
14:12,0
14:12,0
14:13,1
14:13,1
14:13,1
14:13,1
14:13,1
14:13,1
14:13,1
14:13,0
14:13,0
14:13,0
14:13,1
14:13,1
14:13,1
14:13,1
14:13,1
14:13,1
14:13,1
14:13,0
14:13,0
14:13,0
14:13,1
14:13,1
14:13,1
14:13,1
14:13,1
14:13,1
14:13,1
14:13,1
14:13,0
14:14,0
14:14,0
14:14,0
14:14,0
14:14,1
14:14,1
14:14,1
14:14,1
14:14,1
14:14,1
14:14,1
14:14,1
14:14,0
14:14,0
14:14,0
14:14,0
14:14,0
14:14,0
14:14,1
14:14,1
14:14,1
14:14,1
14:14,1
14:14,1
14:14,1
14:14,1
14:14,1
14:14,1
14:14,0
14:14,0
14:14,1
14:14,1
14:14,1
14:14,1
14:15,1
14:15,1
14:15,1
14:15,0
14:15,0
14:15,0
14:15,1
14:15,1
14:15,1
14:15,1
14:15,1
14:15,1
14:15,1
14:15,0
14:15,0
14:15,0
14:15,1
14:15,1
14:15,1
14:15,1
14:15,1
14:15,1
14:15,1
14:15,1
14:15,1
14:15,0
14:15,0
14:15,0
14:15,0
14:15,0
14:15,0
14:15,0
14:15,0
14:16,0
14:16,0
14:16,0
14:16,0
14:16,0
14:16,0
14:16,0
14:16,0
14:16,0
14:16,0
14:16,0
14:16,0
14:16,0
14:16,0
14:16,0
14:16,0
14:16,0
14:16,0
14:16,0
14:16,0
14:16,0
14:16,0
14:16,0
14:16,0
14:16,0
14:16,0
14:16,1
14:16,1
14:16,1
14:16,1
14:16,1
14:17,1
14:17,1
14:17,0
14:17,0
14:17,0
14:17,0
14:17,0
14:17,0
14:17,0
14:17,1
14:17,1
14:17,1
14:17,1
14:17,1
14:17,1
14:17,1
14:17,1
14:17,0
14:17,0
14:17,0
14:17,1
14:17,1
14:17,1
14:17,1
14:17,1
14:17,1
14:17,1
14:17,0
14:17,0
14:17,0
14:17,0
14:17,1
14:18,1
14:18,1
14:18,1
14:18,1
14:18,1
14:18,1
14:18,1
14:18,0
14:18,0
14:18,1
14:18,1
14:18,1
14:18,1
14:18,1
14:18,1
14:18,1
14:18,1
14:18,1
14:18,0
14:18,0
14:18,0
14:18,0
14:18,0
14:18,0
14:18,1
14:18,1
14:18,1
14:18,1
14:18,1
14:18,1
14:18,1
14:18,0
14:19,0
14:19,0
14:19,0
14:19,0
14:19,1
14:19,1
14:19,1
14:19,1
14:19,1
14:19,1
14:19,1
14:19,1
14:19,0
14:19,0
14:19,0
14:19,0
14:19,0
14:19,0
14:19,0
14:19,0
14:19,1
14:19,1
14:19,1
14:19,1
14:19,1
14:19,1
14:19,0
14:19,0
14:19,1
14:20,1
14:20,1
14:20,1
14:20,1
14:20,1
14:20,1
14:20,1
14:20,0
14:20,0
14:20,0
14:20,1
14:20,1
14:20,1
14:20,1
14:20,1
14:20,1
14:20,1
14:20,1
14:20,0
14:20,0
14:20,0
14:20,0
14:20,0
14:20,0
14:20,1
14:20,1
14:20,1
14:20,1
14:20,1
14:20,1
14:20,1
14:21,0
14:21,0
14:21,0
14:21,0
14:21,0
14:21,0
14:21,1
14:21,1
14:21,1
14:21,1
14:21,1
14:21,1
14:21,1
14:21,1
14:21,0
14:21,0
14:21,1
14:21,1
14:21,1
14:21,1
14:22,0
14:22,0
14:22,1
14:22,1
14:22,1
14:22,1
14:22,1
14:22,1
14:22,1
14:22,0
14:22,0
14:22,1
14:22,1
14:22,1
14:22,1
14:22,1
14:22,1
14:22,1
14:22,1
14:22,0
14:22,0
14:22,0
14:22,0
14:22,0
14:22,1
14:22,1
14:22,1
14:22,1
14:22,1
14:23,1
14:23,1
14:23,0
14:23,0
14:23,0
14:23,1
14:23,1
14:23,1
14:23,1
14:23,1
14:23,1
14:23,1
14:23,1
14:23,0
14:23,0
14:23,1
14:23,1
14:23,1
14:23,1
14:23,1
14:23,1
14:23,1
14:23,1
14:23,0
14:23,0
14:23,0
14:23,0
14:23,0
14:23,0
14:23,0
14:24,0
14:24,0
14:24,0
14:24,0
14:24,0
14:24,0
14:24,0
14:24,0
14:24,0
14:24,0
14:24,0
14:24,0
14:24,0
14:24,0
14:24,1
14:24,1
14:24,1
14:24,1
14:24,1
14:24,1
14:24,1
14:24,1
14:24,1
14:24,0
14:24,0
14:24,0
14:24,0
14:24,0
14:24,0
14:24,1
14:24,1
14:24,1
14:24,1
14:24,1
14:25,1
14:25,1
14:25,1
14:25,0
14:25,0
14:25,0
14:25,0
14:25,1
14:25,1
14:25,1
14:25,1
14:25,1
14:25,1
14:25,1
14:25,0
14:25,0
14:25,0
14:25,0
14:25,0
14:25,0
14:25,0
14:25,0
14:25,0
14:25,0
14:25,0
14:25,0
14:25,0
14:25,0
14:25,0
14:25,1
14:26,1
14:26,1
14:26,1
14:26,1
14:26,1
14:26,0
14:26,0
14:26,0
14:26,0
14:26,0
14:26,0
14:26,0
14:26,1
14:26,1
14:26,1
14:26,1
14:26,1
14:26,1
14:26,1
14:26,1
14:26,1
14:26,1
14:26,0
14:26,0
14:26,0
14:26,0
14:26,0
14:26,0
14:26,0
14:26,0
14:26,0
14:26,0
14:26,0
14:26,0
14:26,0
14:26,0
14:26,0
14:26,0
14:27,0
14:27,0
14:27,0
14:27,0
14:27,0
14:27,0
14:27,0
14:27,0
14:27,0
14:27,0
14:27,0
14:27,0
14:27,0
14:27,0
14:27,0
14:27,0
14:27,0
14:27,0
14:27,0
14:27,0
14:27,0
14:27,0
14:27,0
14:27,0
14:27,0
14:27,0
14:27,0
14:27,0
14:27,0
14:27,0
14:27,0
14:27,0
14:28,0
14:28,0
14:28,0
14:28,0
14:28,0
14:28,0
14:28,0
14:28,0
14:28,0
14:28,0
14:28,0
14:28,0
14:28,0
14:28,0
14:28,0
14:28,0
14:28,0
14:28,0
14:28,0
14:28,0
14:28,0
14:28,0
14:28,0
14:28,0
14:28,0
14:28,0
14:28,0
14:28,0
14:28,0
14:28,0
14:28,0
14:28,0
14:28,0
14:28,0
14:28,0
14:29,0
14:29,0
14:29,0
14:29,0
14:29,0
14:29,0
14:29,0
14:29,0
14:29,0
14:29,0
14:29,0
14:29,0
14:29,0
14:29,0
14:29,0
14:29,0
14:29,0
14:29,0
14:29,0
14:29,0
14:29,0
14:29,0
14:29,0
14:29,0
14:29,1
14:29,1
14:29,1
14:29,1
14:29,1
14:29,1
14:29,1
14:29,1
14:29,0
14:30,0
14:30,1
14:30,1
14:30,1
14:30,1
14:30,1
14:30,1
14:30,1
14:30,1
14:30,1
14:30,0
14:30,0
14:30,0
14:30,0
14:30,0
14:30,0
14:30,0
14:30,0
14:30,1
14:30,1
14:30,1
14:30,1
14:30,1
14:30,1
14:30,1
14:30,1
14:30,0
14:30,0
14:30,0
14:30,0
14:30,0
14:30,0
14:31,1
14:31,1
14:31,1
14:31,1
14:31,1
14:31,1
14:31,1
14:31,0
14:31,0
14:31,1
14:31,1
14:31,1
14:31,1
14:31,1
14:31,1
14:31,1
14:31,1
14:31,1
14:31,1
14:31,1
14:31,1
14:31,1
14:31,0
14:31,0
14:31,0
14:31,0
14:31,0
14:31,0
14:31,0
14:31,0
14:31,0
14:31,0
14:32,0
14:32,0
14:32,0
14:32,0
14:32,0
14:32,0
14:32,0
14:32,0
14:32,0
14:32,0
14:32,0
14:32,0
14:32,0
14:32,0
14:32,0
14:32,0
14:32,0
14:32,0
14:32,0
14:32,0
14:32,0
14:32,0
14:32,0
14:32,0
14:32,0
14:32,0
14:32,0
14:32,0
14:32,0
14:32,0
14:32,0
14:32,0
14:32,1
14:32,1
14:32,1
14:32,1
14:32,1
14:32,1
14:32,1
14:32,1
14:32,1
14:32,1
14:32,1
14:32,1
14:32,1
14:32,1
14:32,0
14:32,0
14:32,0
14:32,0
14:32,0
14:32,0
14:32,0
14:32,0
14:32,0
14:33,0
14:33,0
14:33,0
14:33,0
14:33,0
14:33,0
14:33,0
14:33,0
14:33,0
14:33,0
14:33,0
14:33,0
14:33,0
14:33,0
14:33,0
14:33,0
14:33,0
14:33,0
14:33,0
14:33,0
14:33,0
14:33,0
14:33,0
14:33,0
14:33,0
14:33,0
14:33,0
14:33,0
14:33,0
14:33,0
14:33,0
14:33,0
14:33,0
14:33,0
14:33,0
14:33,0
14:33,0
14:33,0
14:33,0
14:33,0
14:33,0
14:33,0
14:33,0
14:33,0
14:33,0
14:33,0
14:33,0
14:33,0
14:33,0
14:33,0
14:33,0
14:33,0
14:33,0
14:33,0
14:33,0
14:33,0
14:33,0
14:34,0
14:34,0
14:34,0
14:34,0
14:34,0
14:34,0
14:34,0
14:34,0
14:34,0
14:34,0
14:34,0
14:34,0
14:34,0
14:34,0
14:34,0
14:34,0
14:34,0
14:34,0
14:34,0
14:34,0
14:34,0
14:34,0
14:34,0
14:34,0
14:34,0
14:34,0
14:34,0
14:34,0
14:34,0
14:34,0
14:34,0
14:34,0
14:34,0
14:34,0
14:34,0
14:34,0
14:34,0
14:34,0
14:34,0
14:34,0
14:34,0
14:34,0
14:34,0
14:34,0
14:34,0
14:34,0
14:34,0
14:34,0
14:34,0
14:34,0
14:34,0
14:34,0
14:34,0
14:34,0
14:34,0
14:34,0
14:35,0
14:35,0
14:35,0
14:35,0
14:35,0
14:35,0
14:35,0
14:35,0
14:35,0
14:35,0
14:35,0
14:35,0
14:35,0
14:35,0
14:35,0
14:35,0
14:35,0
14:35,0
14:35,0
14:35,0
14:35,0
14:35,0
14:35,0
14:35,0
14:35,0
14:35,0
14:35,0
14:35,0
14:35,0
14:35,0
14:35,0
14:35,0
14:35,0
14:35,0
14:35,0
14:35,0
14:35,0
14:35,0
14:35,0
14:35,0
14:35,0
14:35,0
14:35,0
14:35,0
14:35,0
14:35,0
14:35,0
14:35,0
14:35,0
14:35,0
14:35,0
14:35,0
14:35,0
14:35,0
14:35,0
14:35,0
14:36,0
14:36,0
14:36,0
14:36,0
14:36,0
14:36,0
14:36,0
14:36,0
14:36,0
14:36,0
14:36,0
14:36,0
14:36,0
14:36,0
14:36,0
14:36,0
14:36,0
14:36,0
14:36,0
14:36,0
14:36,0
14:36,0
14:36,0
14:36,0
14:36,0
14:36,0
14:36,0
14:36,0
14:36,0
14:36,0
14:36,0
14:36,0
14:36,0
14:36,0
14:36,0
14:36,0
14:36,0
14:36,0
14:36,0
14:36,0
14:36,0
14:36,0
14:36,0
14:36,0
14:36,0
14:36,0
14:36,0
14:36,0
14:36,0
14:36,0
14:36,0
14:36,0
14:36,0
14:36,0
14:36,0
14:36,0
14:37,0
14:37,0
14:37,0
14:37,0
14:37,0
14:37,0
14:37,0
14:37,0
14:37,0
14:37,0
14:37,0
14:37,0
14:37,0
14:37,0
14:37,0
14:37,0
14:37,0
14:37,0
14:37,0
14:37,0
14:37,0
14:37,0
14:37,0
14:37,0
14:37,0
14:37,0
14:37,0
14:37,0
14:37,0
14:37,0
14:37,0
14:37,0
14:37,0
14:37,0
14:37,0
14:37,0
14:37,0
14:37,0
14:37,0
14:37,0
14:37,0
14:37,0
14:37,0
14:37,0
14:37,0
14:37,0
14:37,0
14:37,0
14:37,0
14:37,0
14:37,0
14:37,0
14:37,0
14:37,0
14:37,0
14:38,0
14:38,0
14:38,0
14:38,0
14:38,0
14:38,0
14:38,0
14:38,0
14:38,0
14:38,0
14:38,0
14:38,0
14:38,0
14:38,1
14:38,1
14:38,1
14:38,1
14:38,1
14:38,1
14:38,1
14:38,1
14:38,1
14:38,1
14:38,1
14:38,1
14:38,1
14:38,1
14:38,0
14:38,0
14:38,0
14:38,1
14:38,1
14:38,1
14:38,1
14:38,1
14:38,1
14:38,1
14:38,1
14:38,1
14:38,1
14:38,1
14:38,1
14:38,1
14:38,1
14:38,0
14:38,0
14:38,0
14:38,0
14:38,0
14:38,0
14:38,0
14:38,0
14:38,0
14:38,0
14:38,0
14:38,0
14:38,0
14:39,0
14:39,0
14:39,0
14:39,0
14:39,0
14:39,0
14:39,0
14:39,0
14:39,0
14:39,0
14:39,0
14:39,0
14:39,0
14:39,0
14:39,0
14:39,1
14:39,1
14:39,1
14:39,1
14:39,1
14:39,1
14:39,1
14:39,1
14:39,1
14:39,1
14:39,1
14:39,1
14:39,1
14:39,1
14:39,0
14:39,0
14:39,0
14:39,0
14:39,0
14:39,0
14:39,0
14:39,0
14:39,0
14:39,0
14:39,0
14:39,0
14:39,0
14:39,0
14:39,0
14:39,0
14:39,0
14:39,0
14:39,0
14:39,0
14:39,0
14:39,0
14:39,0
14:39,0
14:39,0
14:39,0
14:39,0
14:39,0
14:40,0
14:40,0
14:40,0
14:40,0
14:40,0
14:40,1
14:40,1
14:40,1
14:40,1
14:40,1
14:40,1
14:40,1
14:40,1
14:40,1
14:40,1
14:40,1
14:40,1
14:40,1
14:40,0
14:40,0
14:40,0
14:40,0
14:40,1
14:40,1
14:40,1
14:40,1
14:40,1
14:40,1
14:40,1
14:40,1
14:40,1
14:40,1
14:40,1
14:40,1
14:40,1
14:40,1
14:40,0
14:40,0
14:40,0
14:40,0
14:40,0
14:40,0
14:40,0
14:40,0
14:40,0
14:40,0
14:40,0
14:40,0
14:40,0
14:40,0
14:40,0
14:40,0
14:40,0
14:40,0
14:40,0
14:41,0
14:41,0
14:41,0
14:41,0
14:41,0
14:41,0
14:41,0
14:41,0
14:41,0
14:41,0
14:41,0
14:41,0
14:41,0
14:41,0
14:41,0
14:41,0
14:41,0
14:41,1
14:41,1
14:41,1
14:41,1
14:41,1
14:41,1
14:41,1
14:41,1
14:41,1
14:41,1
14:41,1
14:41,1
14:41,1
14:41,0
14:41,0
14:41,0
14:41,0
14:41,0
14:41,0
14:41,0
14:41,0
14:41,0
14:41,1
14:41,1
14:42,1
14:42,1
14:42,1
14:42,1
14:42,1
14:42,0
14:42,0
14:42,0
14:42,0
14:42,0
14:42,0
14:42,0
14:42,0
14:42,0
14:42,0
14:42,0
14:42,0
14:42,0
14:42,0
14:42,0
14:42,0
14:42,0
14:42,0
14:42,0
14:42,0
14:42,0
14:42,0
14:42,0
14:42,0
14:42,0
14:42,0
14:42,0
14:42,0
14:42,0
14:42,0
14:42,1
14:42,1
14:42,1
14:42,1
14:42,1
14:42,1
14:42,1
14:42,1
14:42,1
14:42,1
14:42,1
14:42,1
14:42,0
14:42,0
14:42,0
14:42,0
14:42,0
14:42,0
14:42,0
14:43,0
14:43,0
14:43,0
14:43,0
14:43,0
14:43,0
14:43,0
14:43,0
14:43,1
14:43,1
14:43,1
14:43,1
14:43,1
14:43,1
14:43,1
14:43,1
14:43,0
14:43,0
14:43,1
14:43,1
14:43,1
14:43,1
14:43,1
14:43,1
14:43,1
14:43,1
14:43,1
14:43,1
14:43,0
14:43,0
14:43,0
14:43,0
14:43,0
14:43,0
14:43,0
14:43,0
14:43,1
14:43,1
14:43,1
14:44,1
14:44,1
14:44,1
14:44,1
14:44,1
14:44,1
14:44,0
14:44,0
14:44,0
14:44,0
14:44,0
14:44,0
14:44,0
14:44,0
14:44,1
14:44,1
14:44,1
14:44,1
14:44,1
14:44,1
14:44,1
14:44,1
14:44,0
14:44,0
14:44,0
14:44,0
14:44,0
14:44,0
14:44,0
14:44,0
14:44,0
14:45,0
14:45,0
14:45,0
14:45,0
14:45,0
14:45,0
14:45,1
14:45,1
14:45,1
14:45,1
14:45,1
14:45,1
14:45,1
14:45,1
14:45,1
14:45,1
14:45,1
14:45,0
14:45,0
14:45,0
14:45,0
14:45,0
14:45,0
14:45,0
14:45,0
14:45,0
14:45,0
14:45,0
14:45,0
14:45,0
14:45,0
14:45,0
14:45,0
14:45,0
14:45,0
14:46,0
14:46,0
14:46,0
14:46,0
14:46,0
14:46,0
14:46,0
14:46,0
14:46,0
14:46,0
14:46,0
14:46,0
14:46,0
14:46,0
14:46,0
14:46,0
14:46,0
14:46,0
14:46,0
14:46,1
14:46,1
14:46,1
14:46,1
14:46,1
14:46,1
14:46,1
14:46,0
14:46,0
14:46,0
14:46,1
14:46,1
14:47,1
14:47,1
14:47,1
14:47,1
14:47,1
14:47,1
14:47,0
14:47,0
14:47,0
14:47,0
14:47,0
14:47,1
14:47,1
14:47,1
14:47,1
14:47,1
14:47,1
14:47,1
14:47,0
14:47,0
14:47,1
14:47,1
14:47,1
14:47,1
14:47,1
14:47,1
14:47,1
14:47,1
14:47,1
14:47,0
14:47,0
14:48,0
14:48,1
14:48,1
14:48,1
14:48,1
14:48,1
14:48,1
14:48,1
14:48,0
14:48,0
14:48,0
14:48,0
14:48,0
14:48,0
14:48,0
14:48,0
14:48,0
14:48,0
14:48,0
14:48,0
14:48,0
14:48,0
14:48,0
14:48,0
14:48,0
14:48,0
14:48,0
14:48,0
14:48,0
14:48,0
14:48,0
14:49,0
14:49,1
14:49,1
14:49,1
14:49,1
14:49,1
14:49,1
14:49,1
14:49,1
14:49,0
14:49,0
14:49,1
14:49,1
14:49,1
14:49,1
14:49,1
14:49,1
14:49,1
14:49,1
14:49,1
14:49,1
14:49,0
14:49,0
14:49,1
14:49,1
14:49,1
14:49,1
14:49,1
14:49,1
14:49,1
14:49,1
14:49,1
14:49,0
14:49,0
14:50,0
14:50,0
14:50,0
14:50,0
14:50,1
14:50,1
14:50,1
14:50,1
14:50,1
14:50,1
14:50,1
14:50,1
14:50,0
14:50,0
14:50,0
14:50,0
14:50,0
14:50,0
14:50,0
14:50,0
14:50,0
14:50,0
14:50,0
14:50,0
14:50,0
14:50,0
14:50,0
14:50,0
14:50,0
14:50,0
14:50,0
14:50,0
14:51,0
14:51,0
14:51,1
14:51,1
14:51,1
14:51,1
14:51,1
14:51,1
14:51,1
14:51,1
14:51,1
14:51,1
14:51,0
14:51,0
14:51,0
14:51,0
14:51,0
14:51,0
14:51,0
14:51,1
14:51,1
14:51,1
14:51,1
14:51,1
14:51,1
14:51,1
14:51,0
14:51,0
14:51,0
14:52,0
14:52,1
14:52,1
14:52,1
14:52,1
14:52,1
14:52,1
14:52,1
14:52,0
14:52,0
14:52,0
14:52,0
14:52,0
14:52,0
14:52,0
14:52,0
14:52,1
14:52,1
14:52,1
14:52,1
14:52,1
14:52,1
14:52,1
14:52,1
14:52,0
14:52,0
14:52,0
14:52,1
14:52,1
14:52,1
14:52,1
14:52,1
14:53,1
14:53,1
14:53,1
14:53,1
14:53,0
14:53,0
14:53,0
14:53,0
14:53,0
14:53,0
14:53,0
14:53,0
14:53,0
14:53,0
14:53,0
14:53,0
14:53,0
14:53,0
14:53,0
14:53,0
14:53,0
14:53,0
14:53,0
14:53,0
14:53,0
14:53,0
14:53,0
14:53,1
14:53,1
14:53,1
14:53,1
14:54,1
14:54,1
14:54,1
14:54,0
14:54,0
14:54,0
14:54,0
14:54,0
14:54,0
14:54,0
14:54,0
14:54,1
14:54,1
14:54,1
14:54,1
14:54,1
14:54,1
14:54,1
14:54,0
14:54,0
14:54,0
14:54,0
14:54,0
14:54,0
14:54,0
14:54,0
14:54,0
14:54,0
14:54,0
14:54,0
14:55,0
14:55,0
14:55,0
14:55,0
14:55,0
14:55,0
14:55,1
14:55,1
14:55,1
14:55,1
14:55,1
14:55,1
14:55,1
14:55,1
14:55,1
14:55,0
14:55,0
14:55,0
14:55,0
14:55,1
14:55,1
14:55,1
14:55,1
14:55,1
14:55,1
14:55,1
14:55,1
14:55,0
14:55,0
14:55,0
14:55,0
14:55,1
14:55,1
14:55,1
14:55,1
14:56,1
14:56,1
14:56,1
14:56,1
14:56,1
14:56,0
14:56,0
14:56,0
14:56,0
14:56,0
14:56,0
14:56,1
14:56,1
14:56,1
14:56,1
14:56,1
14:56,1
14:56,1
14:56,1
14:56,1
14:56,1
14:56,1
14:56,0
14:56,0
14:56,0
14:56,0
14:56,1
14:56,1
14:56,1
14:56,1
14:56,1
14:56,1
14:56,1
14:56,1
14:56,1
14:56,0
14:56,0
14:56,0
14:56,1
14:56,1
14:56,1
14:56,1
14:57,1
14:57,1
14:57,1
14:57,1
14:57,1
14:57,1
14:57,0
14:57,0
14:57,1
14:57,1
14:57,1
14:57,1
14:57,1
14:57,1
14:57,1
14:57,1
14:57,0
14:57,0
14:57,0
14:57,0
14:57,0
14:57,0
14:57,0
14:57,0
14:57,0
14:57,0
14:57,0
14:57,1
14:57,1
14:57,1
14:57,1
14:57,1
14:58,1
14:58,1
14:58,0
14:58,0
14:58,0
14:58,0
14:58,0
14:58,0
14:58,1
14:58,1
14:58,1
14:58,1
14:58,1
14:58,1
14:58,1
14:58,1
14:58,1
14:58,0
14:58,0
14:58,0
14:58,0
14:58,0
14:58,0
14:58,1
14:58,1
14:58,1
14:58,1
14:58,1
14:58,1
14:58,1
14:58,0
14:59,0
14:59,1
14:59,1
14:59,1
14:59,1
14:59,1
14:59,1
14:59,1
14:59,1
14:59,0
14:59,0
14:59,0
14:59,1
14:59,1
14:59,1
14:59,1
14:59,1
14:59,1
14:59,1
14:59,1
14:59,1
14:59,1
14:59,0
14:59,0
14:59,0
14:59,1
14:59,1
14:59,1
14:59,1
14:59,1
14:59,1
14:59,1
14:59,1
14:59,1
14:59,1
14:59,1
14:59,1
14:59,1
14:59,0
14:59,0
14:59,0
14:59,0
14:59,0
14:59,1
15:00,1
15:00,1
15:00,1
15:00,1
15:00,1
15:00,1
15:00,1
15:00,1
15:00,1
15:00,1
15:00,1
15:00,1
15:00,0
15:00,0
15:00,0
15:00,0
15:00,0
15:00,0
15:00,0
15:00,0
15:00,0
15:00,0
15:00,0
15:00,0
15:00,0
15:00,0
15:00,0
15:00,0
15:00,0
15:00,0
15:00,0
15:00,0
15:00,0
15:00,0
15:00,0
15:00,0
15:00,0
15:00,0
15:00,0
15:00,0
15:00,0
15:00,0
15:00,0
15:00,0
15:00,0
15:00,0
15:00,0
15:00,0
15:00,0
15:00,0
15:00,0
15:00,0
15:00,0
15:00,0
15:01,0
15:01,0
15:01,0
15:01,0
15:01,0
15:01,0
15:01,0
15:01,0
15:01,0
15:01,0
15:01,0
15:01,0
15:01,0
15:01,0
15:01,0
15:01,1
15:01,1
15:01,1
15:01,1
15:01,1
15:01,1
15:01,1
15:01,1
15:01,1
15:01,1
15:01,1
15:01,0
15:01,0
15:01,0
15:01,0
15:01,0
15:01,0
15:01,0
15:01,0
15:01,0
15:01,0
15:01,0
15:01,0
15:01,0
15:01,0
15:01,0
15:01,0
15:02,0
15:02,0
15:02,0
15:02,0
15:02,0
15:02,0
15:02,0
15:02,0
15:02,0
15:02,0
15:02,0
15:02,0
15:02,0
15:02,0
15:02,0
15:02,0
15:02,0
15:02,0
15:02,0
15:02,0
15:02,0
15:02,0
15:02,0
15:02,0
15:02,0
15:02,0
15:02,0
15:02,0
15:02,0
15:02,0
15:02,0
15:02,0
15:02,0
15:02,0
15:02,0
15:02,0
15:02,0
15:02,0
15:02,0
15:02,0
15:02,0
15:02,0
15:02,0
15:02,0
15:02,0
15:02,0
15:02,0
15:02,0
15:02,0
15:02,0
15:02,0
15:02,0
15:02,0
15:02,0
15:02,0
15:02,1
15:03,1
15:03,1
15:03,1
15:03,1
15:03,1
15:03,1
15:03,1
15:03,1
15:03,1
15:03,1
15:03,1
15:03,1
15:03,1
15:03,0
15:03,0
15:03,0
15:03,0
15:03,0
15:03,0
15:03,0
15:03,0
15:03,0
15:03,0
15:03,0
15:03,0
15:03,0
15:03,0
15:03,0
15:03,0
15:03,0
15:03,0
15:03,0
15:03,0
15:03,0
15:03,0
15:03,0
15:03,0
15:03,0
15:03,0
15:03,0
15:03,0
15:03,0
15:03,0
15:03,0
15:03,0
15:03,0
15:03,0
15:03,0
15:03,0
15:03,0
15:03,0
15:03,0
15:03,0
15:03,0
15:04,0
15:04,0
15:04,0
15:04,0
15:04,0
15:04,0
15:04,0
15:04,0
15:04,0
15:04,0
15:04,0
15:04,0
15:04,0
15:04,0
15:04,0
15:04,0
15:04,0
15:04,0
15:04,0
15:04,0
15:04,0
15:04,0
15:04,0
15:04,0
15:04,0
15:04,0
15:04,0
15:04,0
15:04,0
15:04,0
15:04,0
15:04,0
15:04,0
15:04,0
15:04,0
15:04,0
15:04,0
15:04,0
15:04,0
15:04,0
15:04,0
15:04,0
15:04,0
15:04,0
15:04,0
15:04,0
15:04,0
15:04,0
15:04,0
15:04,0
15:04,0
15:04,0
15:04,0
15:04,0
15:04,0
15:04,0
15:05,0
15:05,0
15:05,0
15:05,0
15:05,0
15:05,0
15:05,0
15:05,0
15:05,0
15:05,0
15:05,0
15:05,0
15:05,0
15:05,0
15:05,0
15:05,0
15:05,0
15:05,0
15:05,0
15:05,0
15:05,0
15:05,0
15:05,0
15:05,0
15:05,0
15:05,0
15:05,0
15:05,0
15:05,0
15:05,0
15:05,0
15:05,0
15:05,0
15:05,0
15:05,0
15:05,0
15:05,0
15:05,0
15:05,0
15:05,0
15:05,0
15:05,0
15:05,0
15:05,0
15:05,0
15:05,0
15:05,0
15:05,0
15:05,0
15:05,0
15:05,0
15:05,0
15:05,0
15:06,0
15:06,0
15:06,0
15:06,0
15:06,0
15:06,0
15:06,0
15:06,0
15:06,0
15:06,0
15:06,0
15:06,0
15:06,0
15:06,0
15:06,0
15:06,0
15:06,0
15:06,0
15:06,0
15:06,0
15:06,0
15:06,0
15:06,0
15:06,0
15:06,0
15:06,0
15:06,0
15:06,0
15:06,0
15:06,0
15:06,0
15:06,0
15:06,0
15:06,0
15:06,0
15:06,0
15:06,0
15:06,0
15:06,0
15:06,0
15:06,0
15:06,0
15:06,0
15:06,0
15:06,0
15:06,0
15:06,0
15:06,0
15:06,0
15:06,0
15:06,0
15:06,0
15:06,0
15:06,0
15:06,0
15:07,0
15:07,0
15:07,0
15:07,0
15:07,0
15:07,0
15:07,0
15:07,0
15:07,0
15:07,0
15:07,0
15:07,0
15:07,0
15:07,0
15:07,0
15:07,0
15:07,0
15:07,0
15:07,0
15:07,0
15:07,0
15:07,0
15:07,0
15:07,0
15:07,0
15:07,0
15:07,0
15:07,0
15:07,0
15:07,0
15:07,0
15:07,0
15:07,0
15:07,0
15:07,0
15:07,0
15:07,0
15:07,0
15:07,0
15:07,0
15:07,0
15:07,0
15:07,0
15:07,0
15:07,0
15:07,0
15:07,0
15:07,0
15:07,0
15:07,0
15:07,0
15:07,0
15:07,0
15:07,0
15:07,0
15:07,0
15:08,0
15:08,0
15:08,0
15:08,0
15:08,0
15:08,0
15:08,0
15:08,0
15:08,0
15:08,0
15:08,0
15:08,0
15:08,0
15:08,0
15:08,0
15:08,0
15:08,0
15:08,0
15:08,0
15:08,0
15:08,0
15:08,0
15:08,0
15:08,0
15:08,0
15:08,0
15:08,0
15:08,0
15:08,0
15:08,0
15:08,0
15:08,0
15:08,0
15:08,0
15:08,0
15:08,0
15:08,0
15:08,0
15:08,0
15:08,0
15:08,0
15:08,0
15:08,0
15:08,0
15:08,0
15:08,0
15:08,0
15:08,0
15:08,0
15:08,0
15:08,0
15:08,0
15:08,0
15:08,0
15:08,0
15:08,0
15:09,0
15:09,0
15:09,0
15:09,0
15:09,0
15:09,0
15:09,0
15:09,0
15:09,0
15:09,0
15:09,0
15:09,0
15:09,0
15:09,0
15:09,0
15:09,0
15:09,0
15:09,0
15:09,0
15:09,0
15:09,0
15:09,0
15:09,0
15:09,0
15:09,0
15:09,0
15:09,0
15:09,0
15:09,0
15:09,0
15:09,0
15:09,0
15:09,0
15:09,0
15:09,0
15:09,0
15:09,0
15:09,0
15:09,0
15:09,0
15:09,0
15:09,0
15:09,0
15:09,0
15:09,0
15:09,0
15:09,0
15:09,0
15:09,0
15:09,0
15:09,0
15:09,0
15:09,0
15:09,0
15:09,0
15:10,0
15:10,0
15:10,0
15:10,0
15:10,0
15:10,0
15:10,0
15:10,0
15:10,0
15:10,0
15:10,0
15:10,0
15:10,0
15:10,0
15:10,0
15:10,0
15:10,0
15:10,0
15:10,0
15:10,0
15:10,0
15:10,0
15:10,0
15:10,0
15:10,0
15:10,0
15:10,0
15:10,0
15:10,0
15:10,0
15:10,0
15:10,0
15:10,0
15:10,0
15:10,0
15:10,0
15:10,0
15:10,0
15:10,0
15:10,0
15:10,0
15:10,0
15:10,0
15:10,0
15:10,0
15:10,0
15:10,0
15:10,0
15:10,0
15:10,0
15:10,0
15:10,0
15:10,0
15:10,0
15:10,0
15:10,0
15:10,0
15:11,0
15:11,0
15:11,0
15:11,0
15:11,0
15:11,0
15:11,0
15:11,0
15:11,0
15:11,0
15:11,0
15:11,0
15:11,0
15:11,0
15:11,0
15:11,0
15:11,0
15:11,0
15:11,0
15:11,0
15:11,0
15:11,0
15:11,0
15:11,0
15:11,0
15:11,0
15:11,0
15:11,0
15:11,0
15:11,0
15:11,0
15:11,0
15:11,0
15:11,0
15:11,0
15:11,0
15:11,0
15:11,0
15:11,0
15:11,0
15:11,0
15:12,0
15:12,0
15:12,0
15:12,0
15:12,0
15:12,0
15:12,0
15:12,0
15:12,0
15:12,0
15:12,0
15:12,0
15:12,0
15:12,0
15:12,0
15:12,0
15:12,0
15:12,0
15:12,0
15:12,0
15:12,0
15:12,0
15:12,0
15:12,0
15:12,0
15:12,0
15:12,0
15:12,0
15:12,0
15:12,0
15:12,0
15:12,0
15:12,0
15:12,0
15:12,0
15:12,0
15:12,0
15:12,0
15:12,0
15:12,0
15:12,0
15:12,0
15:12,0
15:12,0
15:12,0
15:12,0
15:12,0
15:12,0
15:12,0
15:12,0
15:12,0
15:12,0
15:12,0
15:12,0
15:13,0
15:13,0
15:13,0
15:13,0
15:13,0
15:13,0
15:13,0
15:13,0
15:13,0
15:13,0
15:13,0
15:13,0
15:13,0
15:13,0
15:13,0
15:13,0
15:13,0
15:13,0
15:13,0
15:13,0
15:13,0
15:13,0
15:13,0
15:13,0
15:13,0
15:13,0
15:13,0
15:13,0
15:13,0
15:13,0
15:13,0
15:13,0
15:13,0
15:13,0
15:13,0
15:13,0
15:13,0
15:13,0
15:13,0
15:13,0
15:13,0
15:13,0
15:13,0
15:13,0
15:13,0
15:13,0
15:13,0
15:13,0
15:13,0
15:13,0
15:13,0
15:13,0
15:13,0
15:13,0
15:13,0
15:14,0
15:14,0
15:14,0
15:14,0
15:14,0
15:14,0
15:14,0
15:14,0
15:14,0
15:14,0
15:14,0
15:14,0
15:14,0
15:14,0
15:14,0
15:14,0
15:14,0
15:14,0
15:14,0
15:14,0
15:14,0
15:14,0
15:14,0
15:14,0
15:14,0
15:14,0
15:14,0
15:14,0
15:14,0
15:14,0
15:14,0
15:14,0
15:14,0
15:14,0
15:14,0
15:14,0
15:14,0
15:14,0
15:14,0
15:14,0
15:14,0
15:14,0
15:14,0
15:14,0
15:14,0
15:14,0
15:14,0
15:14,0
15:14,0
15:14,0
15:14,0
15:14,0
15:14,0
15:14,0
15:14,0
15:14,0
15:15,0
15:15,0
15:15,0
15:15,0
15:15,0
15:15,0
15:15,0
15:15,0
15:15,0
15:15,0
15:15,0
15:15,0
15:15,0
15:15,0
15:15,0
15:15,0
15:15,0
15:15,0
15:15,0
15:15,0
15:15,0
15:15,0
15:15,0
15:15,0
15:15,0
15:15,0
15:15,0
15:15,0
15:15,0
15:15,0
15:15,0
15:15,0
15:15,0
15:15,0
15:15,0
15:15,0
15:15,0
15:15,0
15:15,0
15:15,0
15:15,0
15:15,0
15:15,0
15:15,0
15:15,0
15:15,0
15:15,0
15:15,0
15:15,0
15:15,0
15:15,0
15:15,0
15:15,0
15:16,0
15:16,0
15:16,0
15:16,0
15:16,0
15:16,0
15:16,0
15:16,0
15:16,0
15:16,0
15:16,0
15:16,0
15:16,0
15:16,0
15:16,0
15:16,0
15:16,0
15:16,0
15:16,0
15:16,0
15:16,0
15:16,0
15:16,0
15:16,0
15:16,0
15:16,0
15:16,0
15:16,0
15:16,0
15:16,0
15:16,0
15:16,0
15:16,0
15:16,0
15:16,0
15:16,0
15:16,0
15:16,0
15:16,0
15:16,0
15:16,0
15:16,0
15:16,0
15:16,0
15:16,0
15:16,0
15:16,0
15:16,0
15:16,0
15:16,0
15:16,0
15:16,0
15:16,0
15:16,0
15:16,0
15:16,0
15:16,0
15:17,0
15:17,0
15:17,0
15:17,0
15:17,0
15:17,0
15:17,0
15:17,0
15:17,0
15:17,0
15:17,0
15:17,0
15:17,0
15:17,0
15:17,0
15:17,0
15:17,0
15:17,0
15:17,0
15:17,0
15:17,0
15:17,0
15:17,0
15:17,0
15:17,0
15:17,0
15:17,0
15:17,0
15:17,0
15:17,0
15:17,0
15:17,0
15:17,0
15:17,0
15:17,0
15:17,0
15:17,0
15:17,0
15:17,0
15:17,0
15:17,0
15:17,0
15:17,0
15:17,0
15:17,0
15:17,0
15:17,0
15:17,0
15:17,0
15:17,0
15:17,0
15:17,0
15:17,0
15:18,0
15:18,0
15:18,0
15:18,0
15:18,0
15:18,0
15:18,0
15:18,0
15:18,0
15:18,0
15:18,0
15:18,0
15:18,0
15:18,0
15:18,0
15:18,0
15:18,0
15:18,0
15:18,0
15:18,0
15:18,0
15:18,0
15:18,0
15:18,0
15:18,0
15:18,0
15:18,0
15:18,0
15:18,0
15:18,0
15:18,0
15:18,0
15:18,0
15:18,0
15:18,0
15:18,0
15:18,0
15:18,0
15:18,0
15:18,0
15:18,0
15:18,0
15:18,0
15:18,0
15:18,0
15:18,0
15:18,0
15:18,0
15:18,0
15:18,0
15:18,0
15:18,0
15:18,0
15:18,0
15:18,0
15:19,0
15:19,0
15:19,0
15:19,0
15:19,0
15:19,0
15:19,0
15:19,0
15:19,0
15:19,0
15:19,0
15:19,0
15:19,0
15:19,0
15:19,0
15:19,0
15:19,0
15:19,0
15:19,0
15:19,0
15:19,0
15:19,0
15:19,0
15:19,0
15:19,0
15:19,0
15:19,0
15:19,0
15:19,0
15:19,0
15:19,0
15:19,0
15:19,0
15:19,0
15:19,0
15:19,0
15:19,0
15:19,0
15:19,0
15:19,0
15:19,0
15:19,0
15:19,0
15:19,0
15:19,0
15:19,0
15:19,0
15:19,0
15:19,0
15:19,0
15:19,0
15:19,0
15:19,0
15:19,0
15:19,0
15:20,0
15:20,0
15:20,0
15:20,0
15:20,0
15:20,0
15:20,0
15:20,0
15:20,0
15:20,0
15:20,0
15:20,0
15:20,0
15:20,0
15:20,0
15:20,0
15:20,0
15:20,0
15:20,0
15:20,0
15:20,0
15:20,0
15:20,0
15:20,0
15:20,0
15:20,0
15:20,0
15:20,0
15:20,0
15:20,0
15:20,0
15:20,0
15:20,0
15:20,0
15:20,0
15:20,0
15:20,0
15:20,0
15:20,0
15:20,0
15:20,0
15:20,0
15:20,0
15:20,0
15:20,0
15:20,0
15:20,0
15:20,0
15:20,0
15:20,0
15:20,0
15:20,0
15:20,0
15:20,0
15:20,0
15:21,0
15:21,0
15:21,0
15:21,0
15:21,0
15:21,0
15:21,0
15:21,0
15:21,0
15:21,0
15:21,0
15:21,0
15:21,0
15:21,0
15:21,0
15:21,0
15:21,0
15:21,0
15:21,0
15:21,0
15:21,0
15:21,0
15:21,0
15:21,0
15:21,0
15:21,0
15:21,0
15:21,0
15:21,0
15:21,0
15:21,0
15:21,0
15:21,0
15:21,0
15:21,0
15:21,0
15:21,0
15:21,0
15:21,0
15:21,0
15:21,0
15:21,0
15:21,0
15:21,0
15:21,0
15:21,0
15:22,0
15:22,0
15:22,0
15:22,0
15:22,0
15:22,0
15:22,0
15:22,0
15:22,0
15:22,0
15:22,0
15:22,0
15:22,0
15:22,0
15:22,0
15:22,0
15:22,0
15:22,0
15:22,0
15:22,0
15:22,0
15:22,0
15:22,0
15:22,0
15:22,0
15:22,0
15:22,0
15:22,0
15:22,0
15:22,0
15:22,0
15:22,0
15:22,0
15:22,0
15:22,0
15:22,0
15:22,0
15:22,0
15:22,0
15:22,0
15:22,0
15:22,0
15:22,0
15:22,0
15:22,0
15:22,0
15:22,0
15:22,0
15:22,0
15:22,0
15:22,0
15:22,0
15:22,0
15:22,0
15:22,0
15:23,0
15:23,0
15:23,0
15:23,0
15:23,0
15:23,0
15:23,0
15:23,0
15:23,0
15:23,0
15:23,0
15:23,0
15:23,0
15:23,0
15:23,0
15:23,0
15:23,0
15:23,0
15:23,0
15:23,0
15:23,0
15:23,0
15:23,0
15:23,0
15:23,0
15:23,0
15:23,0
15:23,0
15:23,0
15:23,0
15:23,0
15:23,0
15:23,0
15:23,0
15:23,0
15:23,0
15:23,0
15:23,0
15:23,0
15:23,0
15:23,0
15:23,0
15:23,0
15:23,0
15:23,0
15:23,0
15:23,0
15:23,0
15:23,0
15:23,0
15:23,0
15:23,0
15:23,0
15:23,0
15:23,0
15:24,0
15:24,0
15:24,0
15:24,0
15:24,0
15:24,0
15:24,0
15:24,0
15:24,0
15:24,0
15:24,0
15:24,0
15:24,0
15:24,0
15:24,0
15:24,0
15:24,0
15:24,0
15:24,0
15:24,0
15:24,0
15:24,0
15:24,0
15:24,0
15:24,0
15:24,0
15:24,0
15:24,0
15:24,0
15:24,0
15:24,0
15:24,0
15:24,0
15:24,0
15:24,0
15:24,0
15:24,0
15:24,0
15:24,0
15:24,0
15:24,0
15:24,0
15:24,0
15:24,0
15:24,0
15:24,0
15:24,0
15:24,0
15:24,0
15:24,0
15:24,0
15:24,0
15:24,0
15:24,0
15:24,0
15:24,0
15:25,0
15:25,0
15:25,0
15:25,0
15:25,0
15:25,0
15:25,0
15:25,0
15:25,0
15:25,0
15:25,0
15:25,0
15:25,0
15:25,0
15:25,0
15:25,0
15:25,0
15:25,0
15:25,0
15:25,0
15:25,0
15:25,0
15:25,0
15:25,0
15:25,0
15:25,0
15:25,0
15:25,0
15:25,0
15:25,0
15:25,0
15:25,0
15:25,0
15:25,0
15:25,0
15:25,0
15:25,0
15:25,0
15:25,0
15:25,0
15:25,0
15:25,0
15:25,0
15:25,0
15:25,0
15:25,0
15:25,0
15:25,0
15:25,0
15:25,0
15:25,0
15:25,0
15:25,0
15:25,0
15:25,0
15:26,0
15:26,0
15:26,0
15:26,0
15:26,0
15:26,0
15:26,0
15:26,0
15:26,0
15:26,0
15:26,0
15:26,0
15:26,0
15:26,0
15:26,0
15:26,0
15:26,0
15:26,0
15:26,0
15:26,0
15:26,0
15:26,0
15:26,0
15:26,0
15:26,0
15:26,0
15:26,0
15:26,0
15:26,0
15:26,0
15:26,0
15:26,0
15:26,0
15:26,0
15:26,0
15:26,0
15:26,0
15:26,0
15:26,0
15:26,0
15:26,0
15:26,0
15:26,0
15:26,0
15:26,0
15:26,0
15:26,0
15:26,0
15:26,0
15:26,0
15:26,0
15:26,0
15:26,0
15:26,0
15:26,0
15:27,0
15:27,0
15:27,0
15:27,0
15:27,0
15:27,0
15:27,0
15:27,0
15:27,0
15:27,0
15:27,0
15:27,0
15:27,0
15:27,0
15:27,0
15:27,0
15:27,0
15:27,0
15:27,0
15:27,0
15:27,0
15:27,0
15:27,0
15:27,0
15:27,0
15:27,0
15:27,0
15:27,0
15:27,0
15:27,0
15:27,0
15:27,0
15:27,0
15:27,0
15:27,0
15:27,0
15:27,0
15:27,0
15:27,0
15:27,0
15:27,0
15:27,0
15:27,0
15:27,0
15:27,0
15:27,0
15:27,0
15:27,0
15:27,0
15:27,0
15:27,0
15:27,0
15:27,0
15:27,0
15:27,0
15:27,0
15:28,0
15:28,0
15:28,0
15:28,0
15:28,0
15:28,0
15:28,0
15:28,0
15:28,0
15:28,0
15:28,0
15:28,0
15:28,0
15:28,0
15:28,0
15:28,0
15:28,0
15:28,0
15:28,0
15:28,0
15:28,0
15:28,0
15:28,0
15:28,0
15:28,0
15:28,0
15:28,0
15:28,0
15:28,0
15:28,0
15:28,0
15:28,0
15:28,0
15:28,0
15:28,0
15:28,0
15:28,0
15:28,0
15:28,0
15:28,0
15:28,0
15:28,0
15:28,0
15:28,0
15:28,0
15:28,0
15:28,0
15:28,0
15:28,0
15:28,0
15:28,0
15:28,0
15:28,1
15:28,1
15:29,1
15:29,1
15:29,1
15:29,1
15:29,1
15:29,1
15:29,1
15:29,0
15:29,0
15:29,0
15:29,0
15:29,0
15:29,0
15:29,0
15:29,0
15:29,0
15:29,0
15:29,0
15:29,0
15:29,0
15:29,0
15:29,0
15:29,0
15:29,0
15:29,0
15:29,0
15:29,0
15:29,0
15:29,1
15:29,1
15:29,1
15:29,1
15:29,1
15:29,1
15:29,1
15:29,1
15:29,1
15:29,1
15:29,1
15:29,1
15:29,1
15:29,1
15:29,0
15:29,0
15:29,0
15:29,0
15:29,0
15:29,0
15:29,0
15:29,0
15:29,0
15:30,0
15:30,0
15:30,0
15:30,0
15:30,1
15:30,1
15:30,1
15:30,1
15:30,1
15:30,1
15:30,1
15:30,1
15:30,1
15:30,1
15:30,1
15:30,1
15:30,1
15:30,0
15:30,0
15:30,0
15:30,0
15:30,0
15:30,0
15:30,0
15:30,0
15:30,0
15:30,0
15:30,0
15:30,0
15:30,0
15:30,0
15:30,0
15:30,0
15:30,0
15:30,0
15:30,0
15:30,0
15:30,0
15:30,0
15:30,0
15:30,0
15:30,0
15:30,0
15:30,0
15:30,0
15:30,0
15:30,0
15:30,0
15:30,0
15:30,0
15:30,0
15:30,0
15:30,0
15:30,0
15:30,0
15:31,0
15:31,0
15:31,0
15:31,0
15:31,0
15:31,0
15:31,0
15:31,0
15:31,0
15:31,0
15:31,0
15:31,0
15:31,0
15:31,0
15:31,0
15:31,0
15:31,0
15:31,1
15:31,1
15:31,1
15:31,1
15:31,1
15:31,1
15:31,1
15:31,1
15:31,1
15:31,1
15:31,1
15:31,1
15:31,1
15:31,1
15:31,0
15:31,0
15:31,0
15:31,0
15:31,0
15:31,0
15:31,0
15:31,0
15:31,0
15:31,0
15:31,0
15:31,0
15:31,0
15:31,0
15:31,0
15:31,0
15:32,0
15:32,0
15:32,0
15:32,0
15:32,0
15:32,0
15:32,0
15:32,0
15:32,0
15:32,0
15:32,0
15:32,0
15:32,0
15:32,0
15:32,0
15:32,0
15:32,0
15:32,0
15:32,0
15:32,0
15:32,0
15:32,0
15:32,0
15:32,0
15:32,0
15:32,0
15:32,0
15:32,0
15:32,0
15:32,0
15:32,0
15:32,0
15:32,0
15:32,0
15:32,0
15:32,0
15:32,0
15:32,0
15:32,0
15:32,0
15:32,0
15:32,0
15:32,0
15:32,0
15:32,0
15:32,1
15:32,1
15:32,1
15:32,1
15:32,1
15:32,1
15:32,1
15:32,1
15:32,1
15:32,1
15:32,1
15:33,1
15:33,1
15:33,1
15:33,0
15:33,0
15:33,0
15:33,0
15:33,0
15:33,0
15:33,0
15:33,0
15:33,0
15:33,0
15:33,0
15:33,0
15:33,0
15:33,0
15:33,0
15:33,0
15:33,0
15:33,0
15:33,0
15:33,0
15:33,0
15:33,0
15:33,0
15:33,0
15:33,0
15:33,0
15:33,0
15:33,0
15:33,0
15:33,0
15:33,0
15:33,0
15:33,0
15:33,0
15:33,0
15:33,0
15:33,0
15:33,0
15:33,0
15:33,0
15:33,0
15:33,0
15:33,0
15:33,0
15:33,0
15:33,0
15:33,0
15:33,0
15:33,0
15:33,0
15:33,0
15:33,0
15:33,0
15:34,0
15:34,0
15:34,0
15:34,0
15:34,0
15:34,0
15:34,0
15:34,0
15:34,0
15:34,0
15:34,0
15:34,0
15:34,0
15:34,0
15:34,0
15:34,0
15:34,0
15:34,0
15:34,0
15:34,0
15:34,0
15:34,0
15:34,0
15:34,0
15:34,0
15:34,0
15:34,0
15:34,0
15:34,0
15:34,0
15:34,0
15:34,0
15:34,0
15:34,0
15:34,0
15:34,0
15:34,0
15:34,0
15:34,0
15:34,1
15:34,1
15:34,1
15:34,1
15:34,1
15:34,1
15:34,1
15:34,1
15:34,1
15:34,1
15:34,0
15:35,0
15:35,0
15:35,1
15:35,1
15:35,1
15:35,1
15:35,1
15:35,1
15:35,1
15:35,0
15:35,0
15:35,0
15:35,1
15:35,1
15:35,1
15:35,1
15:35,1
15:35,1
15:35,1
15:35,1
15:35,1
15:35,1
15:35,0
15:35,0
15:35,0
15:35,0
15:35,0
15:35,1
15:35,1
15:35,1
15:35,1
15:35,1
15:35,1
15:35,1
15:35,1
15:35,1
15:35,1
15:35,1
15:35,1
15:35,1
15:35,1
15:35,0
15:35,0
15:35,0
15:35,0
15:36,0
15:36,1
15:36,1
15:36,1
15:36,1
15:36,1
15:36,1
15:36,1
15:36,1
15:36,1
15:36,1
15:36,1
15:36,1
15:36,1
15:36,1
15:36,0
15:36,0
15:36,0
15:36,1
15:36,1
15:36,1
15:36,1
15:36,1
15:36,1
15:36,1
15:36,1
15:36,1
15:36,1
15:36,1
15:36,1
15:36,0
15:36,0
15:36,0
15:36,0
15:36,0
15:36,0
15:36,0
15:36,0
15:36,0
15:36,0
15:36,0
15:36,0
15:36,0
15:36,0
15:36,1
15:36,1
15:36,1
15:36,1
15:36,1
15:36,1
15:36,1
15:36,1
15:36,1
15:37,1
15:37,1
15:37,1
15:37,1
15:37,1
15:37,0
15:37,0
15:37,0
15:37,0
15:37,0
15:37,1
15:37,1
15:37,1
15:37,1
15:37,1
15:37,1
15:37,1
15:37,1
15:37,1
15:37,1
15:37,1
15:37,1
15:37,1
15:37,1
15:37,0
15:37,0
15:37,0
15:37,0
15:37,0
15:37,0
15:37,0
15:37,0
15:37,0
15:37,0
15:37,0
15:37,0
15:37,0
15:37,0
15:37,0
15:37,0
15:37,0
15:37,0
15:37,0
15:37,0
15:37,0
15:37,0
15:37,0
15:37,0
15:37,0
15:37,0
15:37,0
15:37,0
15:37,0
15:37,0
15:37,0
15:37,0
15:38,0
15:38,0
15:38,0
15:38,0
15:38,0
15:38,0
15:38,0
15:38,0
15:38,0
15:38,0
15:38,0
15:38,0
15:38,0
15:38,0
15:38,0
15:38,0
15:38,0
15:38,0
15:38,0
15:38,0
15:38,0
15:38,0
15:38,0
15:38,0
15:38,0
15:38,0
15:38,0
15:38,0
15:38,0
15:38,0
15:38,0
15:38,0
15:38,0
15:38,0
15:38,0
15:38,0
15:38,0
15:38,0
15:38,0
15:38,0
15:38,0
15:38,0
15:38,0
15:38,0
15:38,0
15:38,0
15:38,0
15:38,0
15:38,0
15:38,0
15:38,0
15:38,0
15:38,0
15:38,0
15:38,0
15:38,0
15:39,0
15:39,0
15:39,0
15:39,0
15:39,0
15:39,0
15:39,0
15:39,0
15:39,0
15:39,0
15:39,0
15:39,0
15:39,0
15:39,0
15:39,0
15:39,0
15:39,0
15:39,0
15:39,0
15:39,0
15:39,0
15:39,0
15:39,0
15:39,0
15:39,0
15:39,0
15:39,0
15:39,0
15:39,0
15:39,0
15:39,0
15:39,0
15:39,0
15:39,0
15:39,0
15:39,0
15:39,0
15:39,0
15:39,0
15:39,0
15:39,0
15:39,0
15:39,0
15:39,0
15:39,0
15:39,0
15:39,0
15:39,0
15:39,0
15:39,0
15:39,0
15:39,0
15:39,0
15:39,0
15:39,0
15:39,0
15:40,0
15:40,0
15:40,0
15:40,0
15:40,0
15:40,0
15:40,0
15:40,0
15:40,0
15:40,0
15:40,0
15:40,0
15:40,0
15:40,0
15:40,0
15:40,0
15:40,0
15:40,0
15:40,0
15:40,0
15:40,0
15:40,0
15:40,0
15:40,0
15:40,0
15:40,0
15:40,0
15:40,0
15:40,0
15:40,0
15:40,0
15:40,0
15:40,0
15:40,0
15:40,0
15:40,0
15:40,0
15:40,0
15:40,0
15:40,0
15:40,0
15:40,0
15:40,0
15:40,0
15:40,0
15:40,0
15:40,0
15:40,0
15:40,0
15:40,0
15:40,0
15:40,0
15:40,0
15:40,0
15:40,0
15:40,0
15:41,0
15:41,0
15:41,0
15:41,0
15:41,0
15:41,0
15:41,0
15:41,0
15:41,0
15:41,0
15:41,0
15:41,0
15:41,0
15:41,0
15:41,0
15:41,0
15:41,0
15:41,0
15:41,0
15:41,0
15:41,0
15:41,0
15:41,0
15:41,0
15:41,0
15:41,0
15:41,0
15:41,0
15:41,0
15:41,0
15:41,0
15:41,0
15:41,0
15:41,0
15:41,0
15:41,0
15:41,0
15:41,0
15:41,0
15:41,0
15:41,0
15:41,0
15:41,0
15:41,0
15:41,0
15:41,0
15:41,0
15:42,0
15:42,0
15:42,0
15:42,0
15:42,0
15:42,0
15:42,0
15:42,0
15:42,0
15:42,0
15:42,0
15:42,0
15:42,0
15:42,0
15:42,0
15:42,0
15:42,0
15:42,0
15:42,0
15:42,0
15:42,0
15:42,0
15:42,0
15:42,0
15:42,0
15:42,0
15:42,0
15:42,0
15:42,0
15:42,0
15:42,0
15:42,0
15:42,0
15:42,0
15:42,0
15:42,0
15:42,0
15:42,0
15:42,0
15:42,0
15:42,0
15:42,0
15:42,0
15:42,0
15:42,0
15:42,0
15:42,0
15:42,0
15:42,0
15:42,0
15:42,0
15:42,0
15:42,0
15:42,0
15:42,0
15:42,0
15:43,0
15:43,0
15:43,0
15:43,0
15:43,0
15:43,0
15:43,0
15:43,0
15:43,0
15:43,0
15:43,0
15:43,0
15:43,0
15:43,0
15:43,0
15:43,0
15:43,0
15:43,0
15:43,0
15:43,0
15:43,0
15:43,0
15:43,0
15:43,0
15:43,0
15:43,0
15:43,0
15:43,0
15:43,0
15:43,0
15:43,0
15:43,0
15:43,0
15:43,0
15:43,0
15:43,0
15:43,0
15:43,0
15:43,0
15:43,0
15:43,0
15:43,0
15:43,0
15:43,0
15:43,0
15:43,0
15:43,0
15:43,0
15:43,0
15:43,0
15:43,0
15:43,0
15:43,0
15:43,0
15:43,0
15:44,0
15:44,0
15:44,0
15:44,0
15:44,0
15:44,0
15:44,0
15:44,0
15:44,0
15:44,0
15:44,0
15:44,0
15:44,0
15:44,0
15:44,0
15:44,0
15:44,0
15:44,0
15:44,0
15:44,0
15:44,0
15:44,0
15:44,0
15:44,0
15:44,0
15:44,0
15:44,0
15:44,0
15:44,0
15:44,0
15:44,0
15:44,0
15:44,0
15:44,0
15:44,0
15:44,0
15:44,0
15:44,0
15:44,0
15:44,0
15:44,0
15:44,0
15:44,0
15:44,0
15:44,0
15:44,0
15:44,0
15:44,0
15:44,0
15:44,0
15:44,0
15:44,0
15:44,0
15:44,0
15:44,0
15:45,0
15:45,0
15:45,0
15:45,0
15:45,0
15:45,0
15:45,0
15:45,0
15:45,0
15:45,0
15:45,0
15:45,0
15:45,0
15:45,0
15:45,0
15:45,0
15:45,0
15:45,0
15:45,0
15:45,0
15:45,0
15:45,0
15:45,0
15:45,0
15:45,0
15:45,0
15:45,0
15:45,0
15:45,0
15:45,0
15:45,0
15:45,0
15:45,0
15:45,0
15:45,0
15:45,0
15:45,0
15:45,0
15:45,0
15:45,0
15:45,0
15:45,0
15:45,0
15:45,0
15:45,0
15:45,0
15:45,0
15:45,0
15:45,0
15:45,0
15:45,0
15:45,0
15:45,0
15:45,0
15:45,0
15:45,0
15:46,0
15:46,0
15:46,0
15:46,0
15:46,0
15:46,0
15:46,0
15:46,0
15:46,0
15:46,0
15:46,0
15:46,0
15:46,0
15:46,0
15:46,0
15:46,0
15:46,0
15:46,0
15:46,0
15:46,0
15:46,0
15:46,0
15:46,0
15:46,0
15:46,0
15:46,0
15:46,0
15:46,0
15:46,0
15:46,0
15:46,0
15:46,0
15:46,0
15:46,0
15:46,0
15:46,0
15:46,0
15:46,0
15:46,0
15:46,0
15:46,0
15:46,0
15:46,0
15:46,0
15:46,0
15:46,0
15:46,0
15:46,0
15:46,0
15:46,0
15:46,0
15:46,0
15:46,0
15:46,0
15:46,0
15:46,0
15:47,0
15:47,0
15:47,0
15:47,0
15:47,0
15:47,0
15:47,0
15:47,0
15:47,0
15:47,0
15:47,0
15:47,0
15:47,0
15:47,0
15:47,0
15:47,0
15:47,0
15:47,0
15:47,0
15:47,0
15:47,0
15:47,0
15:47,0
15:47,0
15:47,0
15:47,0
15:47,0
15:47,0
15:47,0
15:47,0
15:47,0
15:47,0
15:47,0
15:47,0
15:47,0
15:47,0
15:47,0
15:47,0
15:47,0
15:47,0
15:47,0
15:47,0
15:47,0
15:47,0
15:47,0
15:47,0
15:47,0
15:47,0
15:47,0
15:47,0
15:47,0
15:47,0
15:47,0
15:47,0
15:47,0
15:48,0
15:48,0
15:48,0
15:48,0
15:48,0
15:48,0
15:48,0
15:48,0
15:48,0
15:48,0
15:48,0
15:48,0
15:48,0
15:48,0
15:48,0
15:48,0
15:48,0
15:48,0
15:48,0
15:48,0
15:48,0
15:48,0
15:48,0
15:48,0
15:48,0
15:48,0
15:48,0
15:48,0
15:48,0
15:48,0
15:48,0
15:48,0
15:48,0
15:48,0
15:48,0
15:48,0
15:48,0
15:48,0
15:48,0
15:48,0
15:48,0
15:48,0
15:48,0
15:48,0
15:48,0
15:48,0
15:48,0
15:48,0
15:48,0
15:48,0
15:48,0
15:48,0
15:48,0
15:48,0
15:48,0
15:49,0
15:49,0
15:49,0
15:49,0
15:49,0
15:49,0
15:49,0
15:49,0
15:49,0
15:49,0
15:49,0
15:49,0
15:49,0
15:49,0
15:49,0
15:49,0
15:49,0
15:49,0
15:49,0
15:49,0
15:49,0
15:49,0
15:49,0
15:49,0
15:49,0
15:49,0
15:49,0
15:49,0
15:49,0
15:49,0
15:49,0
15:49,0
15:49,0
15:49,0
15:49,0
15:49,0
15:49,0
15:49,0
15:49,0
15:49,0
15:49,0
15:49,0
15:49,0
15:49,0
15:49,0
15:49,0
15:49,0
15:49,0
15:49,0
15:49,0
15:49,0
15:49,0
15:49,0
15:49,0
15:49,0
15:50,0
15:50,0
15:50,0
15:50,0
15:50,0
15:50,0
15:50,0
15:50,0
15:50,0
15:50,0
15:50,0
15:50,0
15:50,0
15:50,0
15:50,0
15:50,0
15:50,0
15:50,0
15:50,0
15:50,0
15:50,0
15:50,0
15:50,0
15:50,0
15:50,0
15:50,0
15:50,0
15:50,0
15:50,0
15:50,0
15:50,0
15:50,0
15:50,0
15:50,0
15:50,0
15:50,0
15:50,0
15:50,0
15:50,0
15:50,0
15:50,0
15:50,0
15:50,0
15:50,0
15:50,0
15:50,0
15:50,0
15:50,0
15:50,0
15:50,0
15:50,0
15:50,0
15:50,0
15:50,0
15:50,0
15:51,0
15:51,0
15:51,0
15:51,0
15:51,0
15:51,0
15:51,0
15:51,0
15:51,0
15:51,0
15:51,0
15:51,0
15:51,0
15:51,0
15:51,0
15:51,0
15:51,0
15:51,0
15:51,0
15:51,0
15:51,0
15:51,0
15:51,0
15:51,0
15:51,0
15:51,0
15:51,0
15:51,0
15:51,0
15:51,0
15:51,0
15:51,0
15:51,0
15:51,0
15:51,0
15:51,0
15:51,0
15:51,0
15:51,0
15:51,0
15:51,0
15:51,0
15:51,0
15:51,0
15:51,1
15:51,1
15:51,1
15:51,1
15:52,0
15:52,0
15:52,0
15:52,0
15:52,0
15:52,0
15:52,1
15:52,1
15:52,1
15:52,1
15:52,1
15:52,1
15:52,1
15:52,1
15:52,1
15:52,1
15:52,1
15:52,1
15:52,1
15:52,1
15:52,0
15:52,0
15:52,0
15:52,0
15:52,0
15:52,0
15:52,0
15:52,0
15:52,0
15:52,0
15:52,0
15:52,0
15:52,0
15:52,0
15:52,0
15:52,0
15:52,0
15:52,0
15:52,0
15:52,0
15:52,0
15:52,0
15:52,0
15:52,0
15:52,0
15:52,0
15:52,0
15:52,0
15:52,0
15:52,0
15:53,0
15:53,0
15:53,0
15:53,0
15:53,0
15:53,0
15:53,0
15:53,0
15:53,0
15:53,0
15:53,0
15:53,0
15:53,0
15:53,0
15:53,0
15:53,0
15:53,0
15:53,0
15:53,0
15:53,0
15:53,0
15:53,0
15:53,0
15:53,0
15:53,0
15:53,0
15:53,0
15:53,0
15:53,0
15:53,0
15:53,0
15:53,0
15:53,0
15:53,0
15:53,0
15:53,0
15:53,0
15:53,0
15:53,0
15:53,0
15:53,0
15:53,0
15:53,0
15:53,0
15:53,0
15:53,0
15:53,0
15:53,0
15:53,0
15:53,0
15:53,0
15:53,0
15:53,0
15:53,0
15:53,0
15:54,0
15:54,0
15:54,0
15:54,0
15:54,0
15:54,0
15:54,0
15:54,0
15:54,0
15:54,0
15:54,0
15:54,0
15:54,0
15:54,0
15:54,0
15:54,0
15:54,0
15:54,0
15:54,0
15:54,0
15:54,0
15:54,0
15:54,0
15:54,0
15:54,0
15:54,0
15:54,0
15:54,0
15:54,0
15:54,0
15:54,0
15:54,0
15:54,0
15:54,0
15:54,0
15:54,0
15:54,0
15:54,0
15:54,0
15:54,0
15:54,0
15:54,0
15:54,0
15:54,0
15:54,0
15:54,0
15:54,0
15:54,0
15:54,0
15:54,0
15:54,0
15:54,0
15:54,0
15:54,0
15:54,0
15:54,0
15:55,0
15:55,0
15:55,0
15:55,0
15:55,0
15:55,0
15:55,0
15:55,0
15:55,0
15:55,0
15:55,0
15:55,0
15:55,0
15:55,0
15:55,0
15:55,0
15:55,0
15:55,0
15:55,0
15:55,0
15:55,0
15:55,0
15:55,0
15:55,0
15:55,0
15:55,0
15:55,0
15:55,0
15:55,0
15:55,0
15:55,0
15:55,0
15:55,0
15:55,0
15:55,0
15:55,0
15:55,0
15:55,0
15:55,0
15:55,0
15:55,0
15:55,0
15:55,0
15:55,0
15:55,0
15:55,0
15:55,0
15:55,0
15:55,0
15:55,0
15:55,0
15:55,0
15:55,0
15:55,0
15:56,0
15:56,0
15:56,0
15:56,0
15:56,0
15:56,0
15:56,0
15:56,0
15:56,0
15:56,0
15:56,0
15:56,0
15:56,0
15:56,0
15:56,0
15:56,0
15:56,0
15:56,0
15:56,0
15:56,0
15:56,0
15:56,0
15:56,0
15:56,0
15:56,0
15:56,0
15:56,0
15:56,0
15:56,0
15:56,0
15:56,0
15:56,0
15:56,0
15:56,0
15:56,0
15:56,0
15:56,0
15:56,0
15:56,0
15:56,0
15:56,0
15:56,0
15:56,0
15:56,0
15:56,0
15:56,0
15:56,0
15:56,0
15:56,0
15:56,0
15:56,0
15:56,0
15:56,0
15:56,0
15:56,0
15:57,0
15:57,0
15:57,0
15:57,0
15:57,0
15:57,0
15:57,0
15:57,0
15:57,0
15:57,0
15:57,0
15:57,0
15:57,0
15:57,0
15:57,0
15:57,0
15:57,0
15:57,0
15:57,0
15:57,0
15:57,0
15:57,0
15:57,0
15:57,0
15:57,0
15:57,0
15:57,0
15:57,0
15:57,0
15:57,0
15:57,0
15:57,0
15:57,0
15:57,0
15:57,0
15:57,0
15:57,0
15:57,0
15:57,0
15:57,0
15:57,0
15:57,0
15:57,0
15:57,0
15:57,0
15:57,0
15:57,0
15:57,0
15:57,0
15:57,0
15:57,0
15:57,0
15:57,0
15:57,0
15:57,0
15:58,0
15:58,0
15:58,0
15:58,0
15:58,0
15:58,0
15:58,0
15:58,0
15:58,0
15:58,0
15:58,0
15:58,0
15:58,0
15:58,0
15:58,0
15:58,0
15:58,0
15:58,0
15:58,0
15:58,0
15:58,0
15:58,0
15:58,0
15:58,0
15:58,0
15:58,0
15:58,0
15:58,0
15:58,0
15:58,0
15:58,0
15:58,0
15:58,0
15:58,0
15:58,0
15:58,0
15:58,0
15:58,0
15:58,0
15:58,0
15:58,0
15:58,0
15:58,0
15:58,0
15:58,0
15:58,0
15:58,0
15:58,0
15:58,0
15:58,0
15:58,0
15:58,0
15:58,0
15:58,0
15:58,0
15:58,0
15:59,0
15:59,0
15:59,0
15:59,0
15:59,0
15:59,0
15:59,0
15:59,0
15:59,0
15:59,0
15:59,0
15:59,0
15:59,0
15:59,0
15:59,0
15:59,0
15:59,0
15:59,0
15:59,0
15:59,0
15:59,0
15:59,0
15:59,0
15:59,0
15:59,0
15:59,0
15:59,0
15:59,0
15:59,0
15:59,0
15:59,0
15:59,0
15:59,0
15:59,0
15:59,0
15:59,0
15:59,0
15:59,0
15:59,0
15:59,0
15:59,0
15:59,0
15:59,0
15:59,0
15:59,0
15:59,0
15:59,0
15:59,0
15:59,0
15:59,0
15:59,0
15:59,0
15:59,0
15:59,0
15:59,0
16:00,0
16:00,0
16:00,0
16:00,0
16:00,0
16:00,0
16:00,0
16:00,0
16:00,0
16:00,0
16:00,0
16:00,0
16:00,0
16:00,0
16:00,0
16:00,0
16:00,0
16:00,0
16:00,0
16:00,0
16:00,0
16:00,0
16:00,0
16:00,0
16:00,0
16:00,0
16:00,0
16:00,0
16:00,0
16:00,0
16:00,0
16:00,0
16:00,0
16:00,0
16:00,0
16:00,0
16:00,0
16:00,0
16:00,0
16:00,0
16:00,0
16:00,0
16:00,0
16:00,0
16:00,0
16:00,0
16:00,0
16:00,0
16:00,0
16:00,0
16:00,0
16:00,0
16:00,0
16:00,0
16:01,0
16:01,0
16:01,0
16:01,0
16:01,0
16:01,0
16:01,0
16:01,0
16:01,0
16:01,0
16:01,0
16:01,0
16:01,0
16:01,0
16:01,0
16:01,0
16:01,0
16:01,0
16:01,0
16:01,0
16:01,0
16:01,0
16:01,0
16:01,0
16:01,0
16:01,0
16:01,0
16:01,0
16:01,0
16:01,0
16:01,0
16:01,0
16:01,0
16:01,0
16:01,0
16:01,0
16:01,0
16:01,0
16:01,0
16:01,0
16:01,0
16:01,0
16:01,0
16:01,0
16:01,0
16:01,0
16:01,0
16:02,0
16:02,0
16:02,0
16:02,0
16:02,0
16:02,0
16:02,0
16:02,0
16:02,0
16:02,0
16:02,0
16:02,0
16:02,0
16:02,0
16:02,0
16:02,0
16:02,0
16:02,0
16:02,0
16:02,0
16:02,0
16:02,0
16:02,0
16:02,0
16:02,0
16:02,0
16:02,0
16:02,0
16:02,0
16:02,0
16:02,0
16:02,0
16:02,0
16:02,0
16:02,0
16:02,0
16:02,0
16:02,0
16:02,0
16:02,0
16:03,0
16:03,0
16:03,0
16:03,0
16:03,0
16:03,0
16:03,0
16:03,0
16:03,0
16:03,0
16:03,0
16:03,0
16:03,0
16:03,0
16:03,0
16:03,0
16:03,0
16:03,0
16:03,0
16:03,0
16:03,0
16:03,0
16:03,0
16:03,0
16:03,0
16:03,0
16:03,0
16:03,0
16:03,0
16:03,0
16:03,0
16:03,0
16:03,0
16:03,0
16:03,0
16:03,0
16:03,0
16:03,0
16:03,0
16:03,0
16:03,0
16:03,0
16:03,0
16:03,0
16:03,0
16:04,0
16:04,0
16:04,0
16:04,0
16:04,0
16:04,0
16:04,0
16:04,0
16:04,0
16:04,0
16:04,0
16:04,0
16:04,0
16:04,0
16:04,0
16:04,0
16:04,0
16:04,0
16:04,0
16:04,0
16:04,0
16:04,0
16:04,0
16:04,0
16:04,0
16:04,0
16:04,0
16:04,0
16:04,0
16:04,0
16:04,0
16:04,0
16:04,0
16:04,0
16:04,0
16:04,0
16:04,0
16:04,0
16:04,0
16:04,0
16:04,0
16:04,0
16:04,0
16:04,0
16:04,0
16:04,0
16:04,0
16:04,0
16:04,0
16:04,0
16:04,0
16:04,0
16:04,0
16:05,0
16:05,0
16:05,0
16:05,0
16:05,0
16:05,0
16:05,0
16:05,0
16:05,0
16:05,0
16:05,0
16:05,0
16:05,0
16:05,0
16:05,0
16:05,0
16:05,0
16:05,0
16:05,0
16:05,0
16:05,0
16:05,0
16:05,0
16:05,0
16:05,0
16:05,0
16:05,0
16:05,0
16:05,0
16:05,0
16:05,0
16:05,0
16:05,0
16:05,0
16:05,0
16:05,0
16:05,0
16:05,0
16:05,0
16:05,0
16:05,0
16:05,0
16:05,0
16:05,0
16:05,0
16:05,0
16:05,0
16:05,0
16:05,0
16:05,0
16:05,0
16:05,0
16:05,0
16:06,0
16:06,0
16:06,0
16:06,0
16:06,0
16:06,0
16:06,0
16:06,0
16:06,0
16:06,0
16:06,0
16:06,0
16:06,0
16:06,0
16:06,0
16:06,0
16:06,0
16:06,0
16:06,0
16:06,0
16:06,0
16:06,0
16:06,0
16:06,0
16:06,0
16:06,0
16:06,0
16:06,0
16:06,0
16:06,0
16:06,0
16:06,0
16:06,0
16:06,0
16:06,0
16:06,0
16:06,0
16:06,0
16:06,0
16:06,0
16:06,0
16:06,0
16:06,0
16:06,0
16:06,0
16:06,0
16:06,0
16:06,0
16:06,0
16:06,0
16:06,0
16:06,0
16:06,0
16:06,0
16:06,0
16:06,0
16:07,0
16:07,0
16:07,0
16:07,0
16:07,0
16:07,0
16:07,0
16:07,0
16:07,0
16:07,0
16:07,0
16:07,0
16:07,0
16:07,0
16:07,0
16:07,0
16:07,0
16:07,0
16:07,0
16:07,0
16:07,0
16:07,0
16:07,0
16:07,0
16:07,0
16:07,0
16:07,0
16:07,0
16:07,0
16:07,0
16:07,0
16:07,0
16:07,0
16:07,0
16:07,0
16:07,0
16:07,0
16:07,0
16:07,0
16:07,0
16:07,0
16:07,0
16:07,0
16:07,0
16:07,0
16:07,0
16:07,0
16:07,0
16:07,0
16:07,0
16:07,0
16:07,0
16:07,0
16:07,0
16:07,0
16:07,0
16:08,0
16:08,0
16:08,0
16:08,0
16:08,0
16:08,0
16:08,0
16:08,0
16:08,0
16:08,0
16:08,0
16:08,0
16:08,0
16:08,0
16:08,0
16:08,0
16:08,0
16:08,0
16:08,0
16:08,0
16:08,0
16:08,0
16:08,0
16:08,0
16:08,0
16:08,0
16:08,0
16:08,0
16:08,0
16:08,0
16:08,0
16:08,0
16:08,0
16:08,0
16:08,0
16:08,0
16:08,0
16:08,0
16:08,0
16:08,0
16:08,0
16:08,0
16:08,0
16:08,0
16:08,0
16:08,0
16:08,0
16:08,0
16:08,0
16:08,0
16:08,0
16:08,0
16:08,0
16:08,0
16:09,0
16:09,0
16:09,0
16:09,0
16:09,0
16:09,0
16:09,0
16:09,0
16:09,0
16:09,0
16:09,0
16:09,0
16:09,0
16:09,0
16:09,0
16:09,0
16:09,0
16:09,0
16:09,0
16:09,0
16:09,0
16:09,0
16:09,0
16:09,0
16:09,0
16:09,0
16:09,0
16:09,0
16:09,0
16:09,0
16:09,0
16:09,0
16:09,0
16:09,0
16:09,0
16:09,0
16:09,0
16:09,0
16:09,0
16:09,0
16:09,0
16:09,0
16:09,0
16:09,0
16:09,0
16:09,0
16:09,0
16:09,0
16:09,0
16:09,0
16:09,0
16:09,0
16:09,0
16:09,0
16:09,0
16:09,0
16:10,0
16:10,0
16:10,0
16:10,0
16:10,0
16:10,0
16:10,0
16:10,0
16:10,0
16:10,0
16:10,0
16:10,0
16:10,0
16:10,0
16:10,0
16:10,0
16:10,0
16:10,0
16:10,0
16:10,0
16:10,0
16:10,0
16:10,0
16:10,0
16:10,0
16:10,0
16:10,0
16:10,0
16:10,0
16:10,0
16:10,0
16:10,0
16:10,0
16:10,0
16:10,0
16:10,0
16:10,0
16:10,0
16:10,0
16:10,0
16:10,0
16:10,0
16:10,0
16:10,0
16:10,0
16:10,0
16:10,0
16:10,0
16:10,0
16:10,0
16:10,0
16:10,0
16:10,0
16:10,0
16:10,0
16:10,0
16:11,0
16:11,0
16:11,0
16:11,0
16:11,0
16:11,0
16:11,0
16:11,0
16:11,0
16:11,0
16:11,0
16:11,0
16:11,0
16:11,0
16:11,0
16:11,0
16:11,0
16:11,0
16:11,0
16:11,0
16:11,0
16:11,0
16:11,0
16:11,0
16:11,0
16:11,0
16:11,0
16:11,0
16:11,0
16:11,0
16:11,0
16:11,0
16:11,0
16:11,0
16:11,0
16:11,0
16:11,0
16:11,0
16:11,0
16:11,0
16:11,0
16:11,0
16:11,0
16:11,0
16:11,0
16:11,0
16:11,0
16:11,0
16:11,0
16:12,0
16:12,0
16:12,0
16:12,0
16:12,0
16:12,0
16:12,0
16:12,0
16:12,0
16:12,0
16:12,0
16:12,0
16:12,0
16:12,0
16:12,0
16:12,0
16:12,0
16:12,0
16:12,0
16:12,0
16:12,0
16:12,0
16:12,0
16:12,0
16:12,0
16:12,0
16:12,0
16:12,0
16:12,0
16:12,0
16:12,0
16:12,0
16:12,0
16:12,0
16:12,0
16:12,0
16:12,0
16:12,0
16:12,0
16:12,0
16:12,0
16:12,0
16:12,0
16:12,0
16:12,0
16:12,0
16:12,0
16:12,0
16:12,0
16:12,0
16:12,0
16:12,0
16:12,0
16:13,0
16:13,0
16:13,0
16:13,0
16:13,0
16:13,0
16:13,0
16:13,0
16:13,0
16:13,0
16:13,0
16:13,0
16:13,0
16:13,0
16:13,0
16:13,0
16:13,0
16:13,0
16:13,0
16:13,0
16:13,0
16:13,0
16:13,0
16:13,0
16:13,0
16:13,0
16:13,0
16:13,0
16:13,0
16:13,0
16:13,0
16:13,0
16:13,0
16:13,0
16:13,0
16:13,0
16:13,0
16:13,0
16:13,0
16:13,0
16:13,0
16:13,0
16:13,0
16:13,0
16:13,0
16:13,0
16:13,0
16:13,0
16:13,0
16:13,0
16:13,0
16:13,0
16:13,0
16:13,0
16:13,0
16:13,0
16:14,0
16:14,0
16:14,0
16:14,0
16:14,0
16:14,0
16:14,0
16:14,0
16:14,0
16:14,0
16:14,0
16:14,0
16:14,0
16:14,0
16:14,0
16:14,0
16:14,0
16:14,0
16:14,0
16:14,0
16:14,0
16:14,0
16:14,0
16:14,0
16:14,0
16:14,0
16:14,0
16:14,0
16:14,0
16:14,0
16:14,0
16:14,0
16:14,0
16:14,0
16:14,0
16:14,0
16:14,0
16:14,0
16:14,0
16:14,0
16:14,0
16:14,0
16:14,0
16:14,0
16:14,0
16:14,0
16:14,0
16:14,0
16:14,0
16:14,0
16:14,0
16:14,0
16:14,0
16:14,0
16:14,0
16:14,0
16:15,0
16:15,0
16:15,0
16:15,0
16:15,0
16:15,0
16:15,0
16:15,0
16:15,0
16:15,0
16:15,0
16:15,0
16:15,0
16:15,0
16:15,0
16:15,0
16:15,0
16:15,0
16:15,0
16:15,0
16:15,0
16:15,0
16:15,0
16:15,0
16:15,0
16:15,0
16:15,0
16:15,0
16:15,0
16:15,0
16:15,0
16:15,0
16:15,0
16:15,0
16:15,0
16:15,0
16:15,0
16:15,0
16:15,0
16:15,0
16:15,0
16:15,0
16:15,0
16:15,0
16:15,0
16:15,0
16:15,0
16:15,0
16:15,0
16:15,0
16:15,0
16:15,0
16:15,0
16:15,0
16:15,0
16:16,0
16:16,0
16:16,0
16:16,0
16:16,0
16:16,0
16:16,0
16:16,0
16:16,0
16:16,0
16:16,0
16:16,0
16:16,0
16:16,0
16:16,0
16:16,0
16:16,0
16:16,0
16:16,0
16:16,0
16:16,0
16:16,0
16:16,0
16:16,0
16:16,0
16:16,0
16:16,0
16:16,0
16:16,0
16:16,0
16:16,0
16:16,0
16:16,0
16:16,0
16:16,0
16:16,0
16:16,0
16:16,0
16:16,0
16:16,0
16:16,0
16:16,0
16:16,0
16:16,0
16:16,0
16:16,0
16:16,0
16:16,0
16:16,0
16:16,0
16:16,0
16:16,0
16:16,0
16:16,0
16:16,0
16:16,0
16:17,0
16:17,0
16:17,0
16:17,0
16:17,0
16:17,0
16:17,0
16:17,0
16:17,0
16:17,0
16:17,0
16:17,0
16:17,0
16:17,0
16:17,0
16:17,0
16:17,0
16:17,0
16:17,0
16:17,0
16:17,0
16:17,0
16:17,0
16:17,0
16:17,0
16:17,0
16:17,0
16:17,0
16:17,0
16:17,0
16:17,0
16:17,0
16:17,0
16:17,0
16:17,0
16:17,0
16:17,0
16:17,0
16:17,0
16:17,0
16:17,0
16:17,0
16:17,0
16:17,0
16:17,0
16:17,0
16:17,0
16:17,0
16:17,0
16:17,0
16:17,0
16:17,0
16:17,0
16:17,0
16:17,0
16:17,0
16:18,0
16:18,0
16:18,0
16:18,0
16:18,0
16:18,0
16:18,0
16:18,0
16:18,0
16:18,0
16:18,0
16:18,0
16:18,0
16:18,0
16:18,0
16:18,0
16:18,0
16:18,0
16:18,0
16:18,0
16:18,0
16:18,0
16:18,0
16:18,0
16:18,0
16:18,0
16:18,0
16:18,0
16:18,0
16:18,0
16:18,0
16:18,0
16:18,0
16:18,0
16:18,0
16:18,0
16:18,0
16:18,0
16:18,0
16:18,0
16:18,0
16:18,0
16:18,0
16:18,0
16:18,0
16:18,0
16:18,0
16:18,0
16:18,0
16:18,0
16:18,0
16:18,0
16:18,0
16:18,0
16:18,0
16:19,0
16:19,0
16:19,0
16:19,0
16:19,0
16:19,0
16:19,0
16:19,0
16:19,0
16:19,0
16:19,0
16:19,0
16:19,0
16:19,0
16:19,0
16:19,0
16:19,0
16:19,0
16:19,0
16:19,0
16:19,0
16:19,0
16:19,0
16:19,0
16:19,0
16:19,0
16:19,0
16:19,0
16:19,0
16:19,0
16:19,0
16:19,0
16:19,0
16:19,0
16:19,0
16:19,0
16:19,0
16:19,0
16:19,0
16:19,0
16:19,0
16:19,0
16:19,0
16:19,0
16:19,0
16:19,0
16:19,0
16:19,0
16:19,0
16:19,0
16:19,0
16:19,0
16:19,0
16:19,0
16:19,0
16:19,0
16:20,0
16:20,0
16:20,0
16:20,0
16:20,0
16:20,0
16:20,0
16:20,0
16:20,0
16:20,0
16:20,0
16:20,0
16:20,0
16:20,0
16:20,0
16:20,0
16:20,0
16:20,0
16:20,0
16:20,0
16:20,0
16:20,0
16:20,0
16:20,0
16:20,0
16:20,0
16:20,0
16:20,0
16:20,0
16:20,0
16:20,0
16:20,0
16:20,0
16:20,0
16:20,0
16:20,0
16:20,0
16:20,0
16:20,0
16:20,0
16:20,0
16:20,0
16:20,0
16:20,0
16:20,0
16:20,0
16:20,0
16:20,0
16:20,0
16:20,0
16:20,0
16:20,0
16:20,0
16:20,0
16:21,0
16:21,0
16:21,0
16:21,0
16:21,0
16:21,0
16:21,0
16:21,0
16:21,0
16:21,0
16:21,0
16:21,0
16:21,0
16:21,0
16:21,0
16:21,0
16:21,0
16:21,0
16:21,0
16:21,0
16:21,0
16:21,0
16:21,0
16:21,0
16:21,0
16:21,0
16:21,0
16:21,0
16:21,0
16:21,0
16:21,0
16:21,0
16:21,0
16:21,0
16:21,0
16:21,0
16:21,0
16:21,0
16:21,0
16:21,0
16:21,0
16:21,0
16:21,0
16:21,0
16:21,0
16:21,0
16:21,0
16:21,0
16:21,0
16:21,0
16:22,0
16:22,0
16:22,0
16:22,0
16:22,0
16:22,0
16:22,0
16:22,0
16:22,0
16:22,0
16:22,0
16:22,0
16:22,0
16:22,0
16:22,0
16:22,0
16:22,0
16:22,0
16:22,0
16:22,0
16:22,0
16:22,0
16:22,0
16:22,0
16:22,0
16:22,0
16:22,0
16:22,0
16:22,0
16:22,0
16:22,0
16:22,0
16:22,0
16:22,0
16:22,0
16:22,0
16:22,0
16:22,0
16:22,0
16:22,0
16:22,0
16:22,0
16:22,0
16:22,0
16:22,0
16:22,0
16:22,0
16:22,0
16:22,0
16:22,0
16:23,0
16:23,0
16:23,0
16:23,0
16:23,0
16:23,0
16:23,0
16:23,0
16:23,0
16:23,0
16:23,0
16:23,0
16:23,0
16:23,0
16:23,0
16:23,0
16:23,0
16:23,0
16:23,0
16:23,0
16:23,0
16:23,0
16:23,0
16:23,0
16:23,0
16:23,0
16:23,0
16:23,0
16:23,0
16:23,0
16:23,0
16:23,0
16:23,0
16:23,0
16:23,0
16:23,0
16:23,0
16:23,0
16:23,0
16:23,0
16:23,0
16:23,0
16:23,0
16:23,0
16:23,0
16:23,0
16:23,0
16:23,0
16:23,0
16:23,0
16:23,0
16:23,0
16:23,0
16:23,0
16:23,0
16:23,0
16:23,0
16:24,0
16:24,0
16:24,0
16:24,0
16:24,0
16:24,0
16:24,0
16:24,0
16:24,0
16:24,0
16:24,0
16:24,0
16:24,0
16:24,0
16:24,0
16:24,0
16:24,0
16:24,0
16:24,0
16:24,0
16:24,0
16:24,0
16:24,0
16:24,0
16:24,0
16:24,0
16:24,0
16:24,0
16:24,0
16:24,0
16:24,0
16:24,0
16:24,0
16:24,0
16:24,0
16:24,0
16:24,0
16:24,0
16:24,0
16:24,0
16:24,0
16:24,0
16:24,0
16:24,0
16:24,0
16:24,0
16:24,0
16:24,0
16:24,0
16:24,0
16:24,0
16:24,0
16:24,0
16:24,0
16:24,0
16:24,0
16:25,0
16:25,0
16:25,0
16:25,0
16:25,0
16:25,0
16:25,0
16:25,0
16:25,0
16:25,0
16:25,0
16:25,0
16:25,0
16:25,0
16:25,0
16:25,0
16:25,0
16:25,0
16:25,0
16:25,0
16:25,0
16:25,0
16:25,0
16:25,0
16:25,0
16:25,0
16:25,0
16:25,0
16:25,0
16:25,0
16:25,0
16:25,0
16:25,0
16:25,0
16:25,0
16:25,0
16:25,0
16:25,0
16:25,0
16:25,0
16:25,0
16:25,0
16:25,0
16:25,0
16:25,0
16:25,1
16:25,1
16:25,1
16:25,1
